set_idx,packets,packet_weighted_descendant_nodes,active_prefix16_count,sum_distinct_lpm_entries_touched,hit_count,first_miss,second_miss,total_miss
0,151,15.913907,9,11,140,22,0,22
1,282,33.450355,9,14,261,30,12,42
2,1151,9.097307,4,4,1147,8,0,8
3,238,104.504202,5,11,225,22,4,26
4,8782,0.636415,7,9,8773,18,0,18
5,831,165.714801,6,7,824,14,0,14
6,1220,1.011475,6,7,1213,14,0,14
7,1071,0.837535,11,12,1059,24,0,24
8,24,0.000000,2,2,22,4,0,4
9,1119,0.444147,7,7,1112,14,0,14
10,166,1.493976,7,8,156,20,0,20
11,163,2.153374,4,4,159,8,0,8
12,314,20.977707,9,11,303,22,0,22
13,160,30.062500,9,11,146,24,4,28
14,2139,27.500234,8,10,2125,22,6,28
15,64,1.656250,5,6,58,12,0,12
16,1224,9.506536,10,10,1214,20,0,20
17,963,2.438214,6,7,956,14,0,14
18,1043,212.700863,5,7,1036,14,0,14
19,3,0.000000,2,2,1,4,0,4
20,2128,0.770677,7,7,2121,14,0,14
21,928,9.195043,5,6,922,12,0,12
22,248,31.391129,9,12,229,32,6,38
23,1610,6.831056,9,15,1593,30,4,34
24,4811,45.420495,7,9,4802,18,0,18
25,103,3.436893,6,6,97,12,0,12
26,2601,78.778931,5,16,2552,32,66,98
27,12,102.500000,2,2,10,4,0,4
28,145,146.200000,5,8,136,18,0,18
29,385,4.493506,7,8,373,20,4,24
30,858,146.518648,8,9,849,18,0,18
31,1002,1.782435,10,10,990,24,0,24
32,103,2.223301,9,9,94,18,0,18
33,17,0.117647,4,4,13,8,0,8
34,705,35.170213,4,12,685,30,10,40
35,675,74.580741,7,24,632,48,38,86
36,115,1.582609,5,5,109,12,0,12
37,624,8.618590,9,14,605,28,10,38
38,1998,5.380380,10,11,1981,22,12,34
39,98,9.112245,6,6,92,12,0,12
40,289,30.110727,3,3,286,6,0,6
41,1412,6.475212,5,8,1392,30,10,40
42,6879,0.115278,8,8,6871,16,0,16
43,148,6.925676,9,9,139,18,0,18
44,1644,0.017640,6,6,1638,12,0,12
45,11876,11.493937,7,9,11861,20,10,30
46,117,104.282051,6,9,108,18,0,18
47,186,0.053763,4,4,182,8,0,8
48,4702,174.304551,9,22,4655,44,50,94
49,324,129.123457,3,4,320,8,0,8
50,33,8.242424,6,7,26,14,0,14
51,272,0.000000,4,4,268,8,0,8
52,127,17.874016,9,12,112,26,4,30
53,2038,49.259568,9,9,2029,18,0,18
54,2155,0.008353,5,5,2150,10,0,10
55,513,193.686160,10,13,497,28,4,32
56,380,19.042105,9,9,371,18,0,18
57,218,0.000000,2,2,216,4,0,4
58,303,99.673267,4,11,284,32,6,38
59,575,11.826087,9,13,543,32,32,64
60,688,33.206395,6,8,680,16,0,16
61,1521,66.522025,6,14,1499,28,16,44
62,613,27.084829,8,8,605,16,0,16
63,1370,208.327007,6,8,1362,16,0,16
64,86,1.000000,4,4,82,8,0,8
65,552,18.623188,6,6,545,14,0,14
66,71,14.492958,7,12,58,24,2,26
67,61133,3.954395,5,5,61127,12,0,12
68,6,0.000000,1,1,5,2,0,2
69,130,132.076923,2,4,126,8,0,8
70,37,7.621622,6,7,30,14,0,14
71,177,0.090395,5,5,172,10,0,10
72,23,0.000000,3,3,20,6,0,6
73,59,17.305085,6,6,53,12,0,12
74,92,66.228261,6,7,84,16,0,16
75,19239,22.203129,10,13,19220,26,12,38
76,7650,149.982876,2,2,7648,4,0,4
77,82569,0.053228,9,10,82555,24,4,28
78,237,44.135021,10,15,217,34,6,40
79,98,2.714286,5,6,92,12,0,12
80,46,5.543478,4,5,41,10,0,10
81,63,1.587302,4,4,59,8,0,8
82,1507,15.107498,7,12,1494,24,2,26
83,115,108.104348,6,9,106,18,0,18
84,27,6.814815,4,4,22,10,0,10
85,3,89.000000,2,2,1,4,0,4
86,164,0.487805,6,6,158,12,0,12
87,3989,24.097518,10,17,3965,36,12,48
88,50,118.080000,4,6,43,14,0,14
89,17,30.000000,2,2,15,4,0,4
90,1072,73.541978,8,14,1054,28,8,36
91,77,61.454545,4,6,71,12,0,12
92,2585,6.649903,4,8,2561,28,20,48
93,7214,0.009703,3,3,7211,6,0,6
94,1830,3.497268,7,7,1822,16,0,16
95,396,4.553030,11,12,383,26,0,26
96,51,0.000000,3,3,48,6,0,6
97,3,62.666667,2,2,1,4,0,4
98,17,20.117647,5,5,11,12,0,12
99,1148,3.966899,6,7,1140,16,0,16
100,4178,62.384394,7,7,4171,14,0,14
101,15,6.266667,5,5,10,10,0,10
102,146,9.595890,9,9,137,18,0,18
103,98,120.173469,5,6,92,12,0,12
104,2139,2.106592,10,11,2127,22,2,24
105,34,19.117647,5,5,29,10,0,10
106,1836,12.537582,7,9,1815,28,14,42
107,139,17.330935,6,7,132,14,0,14
108,95,26.073684,7,9,84,22,0,22
109,177686,71.753351,6,7,177679,14,0,14
110,89,2.000000,1,2,87,4,0,4
111,62,50.483871,6,7,54,16,0,16
112,53,27.377358,5,6,47,12,0,12
113,1498,36.933244,6,9,1489,18,0,18
114,50,4.340000,5,6,44,12,0,12
115,2331,45.103818,6,17,2286,50,40,90
116,3196,1.456508,7,9,3187,18,0,18
117,95,21.042105,7,11,84,22,0,22
118,40,61.175000,5,6,34,12,0,12
119,118,17.483051,5,5,113,10,0,10
120,51,82.098039,5,6,45,12,0,12
121,2697,12.288839,9,11,2686,22,0,22
122,16,0.000000,1,1,15,2,0,2
123,297,87.929293,8,10,286,20,2,22
124,142,8.450704,6,6,136,12,0,12
125,2329,0.109489,4,4,2325,8,0,8
126,168,84.523810,6,8,160,16,0,16
127,477,113.614256,7,8,469,16,0,16
128,93,0.806452,6,6,87,12,0,12
129,95,6.147368,11,11,83,22,2,24
130,1601,2.516552,8,9,1592,18,0,18
131,2066,8.388674,8,8,2058,16,0,16
132,389,1.200514,5,5,382,14,0,14
133,2540,56.695669,5,6,2534,12,0,12
134,67067,10.549108,11,17,67018,44,54,98
135,504,0.000000,5,5,499,10,0,10
136,194,5.226804,7,7,187,14,0,14
137,667,0.000000,4,4,663,8,0,8
138,3,132.666667,2,3,0,6,0,6
139,628,37.071656,8,12,615,24,2,26
140,547,30.310786,5,6,541,12,0,12
141,28,112.142857,3,3,25,6,0,6
142,655,45.021374,9,13,631,28,20,48
143,265,4.060377,7,7,258,14,0,14
144,913,115.521358,7,10,894,26,12,38
145,173,5.040462,10,11,157,22,10,32
146,374,93.882353,5,6,368,12,0,12
147,4131,4.373275,9,10,4117,24,4,28
148,249,16.257028,3,4,244,10,0,10
149,3983,0.344213,4,4,3979,8,0,8
150,93,30.215054,7,8,85,16,0,16
151,533,3.369606,7,8,524,18,0,18
152,1226,0.307504,6,6,1220,12,0,12
153,37,5.891892,5,5,32,10,0,10
154,17,122.058824,4,5,12,10,0,10
155,240,20.345833,8,11,227,24,2,26
156,93,90.086022,4,7,86,14,0,14
157,243,131.168724,4,6,237,12,0,12
158,343,28.177843,4,12,328,26,4,30
159,199,17.894472,7,8,190,18,0,18
160,5517,0.049483,8,8,5509,16,0,16
161,419,67.176611,8,11,408,22,0,22
162,2072,0.636583,10,11,2061,22,0,22
163,804,25.063433,8,9,795,18,0,18
164,322,0.385093,6,6,316,12,0,12
165,117,7.059829,4,5,112,10,0,10
166,1253,122.229050,7,33,1146,70,144,214
167,4263,4.998123,2,2,4261,4,0,4
168,106,102.150943,5,8,98,16,0,16
169,5421,21.848183,9,13,5405,26,6,32
170,9692,16.469769,6,8,9679,20,6,26
171,37692,0.206622,6,11,37681,22,0,22
172,393,3.740458,5,6,387,12,0,12
173,3388,65.214581,7,7,3381,14,0,14
174,1979,3.006064,8,15,1961,32,4,36
175,14,17.071429,4,5,9,10,0,10
176,108,76.120370,9,10,98,20,0,20
177,96,103.510417,7,10,86,20,0,20
178,227,11.942731,9,14,212,28,2,30
179,87,11.356322,5,6,81,12,0,12
180,50,0.520000,4,5,45,10,0,10
181,1333,117.636159,6,18,1309,38,10,48
182,26,1.615385,4,4,22,8,0,8
183,79,80.367089,2,3,75,8,0,8
184,346,22.127168,5,6,340,12,0,12
185,195,3.615385,6,6,188,14,0,14
186,2286,0.127734,7,7,2272,22,6,28
187,3654,26.479201,12,17,3626,36,20,56
188,706,5.665722,9,10,693,22,4,26
189,99,2.727273,3,3,96,6,0,6
190,22,0.000000,4,4,18,8,0,8
191,36992,0.047713,5,5,36981,20,2,22
192,677,10.324963,7,10,667,20,0,20
193,167,0.688623,6,6,160,14,0,14
194,30,12.266667,6,7,23,14,0,14
195,56,52.857143,5,5,51,10,0,10
196,1393,41.778177,10,15,1376,30,4,34
197,476,7.310924,7,10,463,22,4,26
198,119,44.277311,7,7,112,14,0,14
199,87775,25.991729,6,6,87769,12,0,12
200,1607,0.548849,6,6,1597,18,2,20
201,114,42.473684,6,9,105,18,0,18
202,2829,36.934606,4,5,2824,10,0,10
203,42,31.595238,5,5,37,10,0,10
204,156,0.153846,4,4,152,8,0,8
205,969,3.847265,6,6,963,12,0,12
206,76,117.644737,4,5,71,10,0,10
207,50,49.300000,6,6,44,12,0,12
208,119,1.151261,8,8,111,16,0,16
209,188,15.000000,9,10,177,20,2,22
210,12,9.333333,2,2,10,4,0,4
211,88,7.068182,4,4,84,8,0,8
212,516,39.806202,10,13,501,26,4,30
213,66755,3.015265,8,10,66738,24,10,34
214,24849,88.873918,6,9,24840,18,0,18
215,3041,95.401184,7,12,3028,24,2,26
216,556,1.197842,11,11,541,22,8,30
217,315,19.441270,6,9,303,22,2,24
218,32,102.375000,5,6,26,12,0,12
219,1408,0.059659,3,5,1403,10,0,10
220,1321,65.497350,4,7,1313,16,0,16
221,171,6.035088,7,10,161,20,0,20
222,79,11.645570,7,7,72,14,0,14
223,1052,0.363118,5,5,1047,10,0,10
224,361,122.063712,7,7,354,14,0,14
225,701,18.266762,5,9,688,22,4,26
226,57,6.000000,5,5,52,10,0,10
227,1353,9.581670,9,12,1331,30,14,44
228,195,11.805128,10,10,177,28,8,36
229,210,105.466667,10,15,190,30,10,40
230,480,36.387500,9,13,465,30,0,30
231,477,0.092243,7,7,470,14,0,14
232,737,61.417910,7,9,726,20,2,22
233,58,94.741379,3,5,53,10,0,10
234,3504,4.071347,3,4,3498,12,0,12
235,285,56.308772,4,4,281,8,0,8
236,1274,5.000785,9,10,1243,48,14,62
237,49,3.081633,6,6,43,12,0,12
238,9541,12.946127,7,7,9534,14,0,14
239,12327,12.283118,10,12,12310,24,10,34
240,941,25.849097,6,6,935,12,0,12
241,0,0.000000,0,0,0,0,0,0
242,545,0.198165,6,7,538,14,0,14
243,77,2.805195,4,4,73,8,0,8
244,597,0.860972,9,9,588,18,0,18
245,1428,10.780812,7,7,1421,14,0,14
246,4416,43.756567,7,10,4405,20,2,22
247,637,3.872841,7,8,629,16,0,16
248,327,1.006116,5,5,322,10,0,10
249,149,0.845638,3,3,145,8,0,8
250,5541,0.572640,5,5,5534,14,0,14
251,328,6.408537,7,8,320,16,0,16
252,59,9.067797,5,6,53,12,0,12
253,990,4.111111,6,7,982,16,0,16
254,1300,11.959231,6,8,1290,18,2,20
255,2158,122.183503,7,9,2148,18,2,20
256,15917,0.044355,6,6,15911,12,0,12
257,120,0.008333,6,6,114,12,0,12
258,101,47.524752,3,4,97,8,0,8
259,1777,18.828362,7,10,1767,20,0,20
260,3,13.666667,2,2,1,4,0,4
261,1840,25.829348,4,25,1761,52,106,158
262,459,1.418301,5,5,454,10,0,10
263,155,5.883871,7,7,148,14,0,14
264,49,3.306122,3,3,46,6,0,6
265,77,18.870130,8,10,67,20,0,20
266,840,11.752381,8,13,823,26,8,34
267,41,103.536585,6,6,35,12,0,12
268,45,14.622222,6,7,38,14,0,14
269,341,91.516129,10,12,328,24,2,26
270,189,116.761905,5,8,181,16,0,16
271,259,28.057915,10,13,246,26,0,26
272,1907,1.675406,5,7,1899,16,0,16
273,92,0.021739,5,5,87,10,0,10
274,248,32.830645,10,15,228,30,10,40
275,2062,69.733269,10,17,2035,36,18,54
276,35,21.685714,5,5,30,10,0,10
277,42,94.166667,3,3,39,6,0,6
278,74,22.702703,5,5,68,12,0,12
279,1357,13.350037,10,12,1342,24,6,30
280,224,27.080357,5,6,218,12,0,12
281,1918,122.743483,6,9,1909,18,0,18
282,831,22.518652,5,7,824,14,0,14
283,8539,10.105633,11,11,8527,22,2,24
284,18676,7.004016,2,6,18652,26,22,48
285,39,57.000000,6,7,32,14,0,14
286,876,7.690639,10,11,865,22,0,22
287,23,69.217391,3,9,14,18,0,18
288,26919,9.071214,6,7,26912,14,0,14
289,7916,0.652476,7,7,7909,14,0,14
290,36763,0.000000,5,5,36758,10,0,10
291,45,3.711111,6,7,38,14,0,14
292,154,63.350649,3,5,146,16,0,16
293,185,7.081081,6,6,179,12,0,12
294,132,98.909091,6,6,126,12,0,12
295,10694,4.685525,8,8,10686,16,0,16
296,529,18.355388,9,20,504,40,10,50
297,2771,59.218333,5,5,2766,10,0,10
298,409,27.161369,5,5,403,12,0,12
299,4034,12.210461,7,12,4012,34,10,44
300,439,5.476082,7,7,431,16,0,16
301,207,12.980676,7,7,199,16,0,16
302,19,2.368421,5,5,14,10,0,10
303,2376,81.571970,5,5,2371,10,0,10
304,1075,100.922791,6,8,1067,16,0,16
305,3399,123.597234,2,16,3109,34,546,580
306,447,78.313199,5,7,440,14,0,14
307,908,3.662996,10,11,893,24,6,30
308,303,103.864686,7,8,295,16,0,16
309,88,16.261364,5,8,80,16,0,16
310,799,0.463079,3,3,796,6,0,6
311,998,0.627255,4,4,994,8,0,8
312,241,134.991701,7,11,226,26,4,30
313,67,0.582090,11,11,54,22,4,26
314,17474,77.133455,10,10,17461,20,6,26
315,310,1.364516,9,9,299,22,0,22
316,3299,0.776599,7,9,3288,20,2,22
317,3746,0.010945,3,3,3743,6,0,6
318,1281,140.912568,3,6,1275,12,0,12
319,141,4.014184,7,7,134,14,0,14
320,39,14.461538,8,10,27,22,2,24
321,315,2.431746,8,8,307,16,0,16
322,692,12.621387,9,12,676,24,8,32
323,123,0.000000,6,6,117,12,0,12
324,103014,0.000738,4,4,103010,8,0,8
325,1129,17.127547,11,12,1114,26,4,30
326,363,99.112948,7,11,349,24,4,28
327,97,64.371134,6,6,91,12,0,12
328,18702,22.488718,6,7,18694,16,0,16
329,51,0.901961,8,8,43,16,0,16
330,49247,4.748716,5,6,49241,12,0,12
331,434395,19.022753,7,26,421212,54,26312,26366
332,142,0.633803,6,6,136,12,0,12
333,291,39.611684,6,9,279,20,4,24
334,488,134.754098,3,7,478,18,2,20
335,8318,121.872325,3,4,8314,8,0,8
336,318,22.641509,9,10,305,24,2,26
337,103,10.932039,6,6,97,12,0,12
338,507,103.076923,5,5,502,10,0,10
339,111,1.126126,4,4,107,8,0,8
340,171,4.684211,5,6,165,12,0,12
341,748,11.237968,5,7,740,16,0,16
342,2,47.000000,1,1,1,2,0,2
343,1209,5.133995,7,9,1199,18,2,20
344,2294,1.175240,8,10,2283,22,0,22
345,192,39.442708,7,9,183,18,0,18
346,387,6.392765,4,5,382,10,0,10
347,167,19.568862,8,10,156,20,2,22
348,387,1.506460,9,10,376,20,2,22
349,821,118.688185,7,7,814,14,0,14
350,1435,131.416028,3,5,1430,10,0,10
351,1587,107.668557,7,8,1579,16,0,16
352,14,0.000000,1,1,13,2,0,2
353,96,44.333333,5,8,84,24,0,24
354,876,11.547945,11,12,851,34,16,50
355,663,11.895928,7,10,652,20,2,22
356,97,44.989691,7,7,89,16,0,16
357,717,1.426778,5,5,712,10,0,10
358,180,28.650000,9,11,168,22,2,24
359,282,31.822695,10,10,272,20,0,20
360,4,71.000000,2,2,2,4,0,4
361,67,6.641791,6,7,60,14,0,14
362,130,16.607692,7,7,123,14,0,14
363,606,0.069307,5,5,601,10,0,10
364,167,27.634731,9,9,158,18,0,18
365,155,16.606452,4,5,150,10,0,10
366,504,54.623016,7,13,483,28,14,42
367,5618,0.483268,13,16,5589,34,24,58
368,1394,171.228838,7,18,1354,36,44,80
369,17,31.058824,3,3,14,6,0,6
370,48,18.916667,3,3,45,6,0,6
371,10756,1.341391,12,13,10738,26,10,36
372,187,11.957219,6,6,181,12,0,12
373,2961,51.579534,10,13,2939,26,18,44
374,2869,1.415824,6,6,2863,12,0,12
375,12816,198.962079,2,4,12811,10,0,10
376,69,14.159420,6,6,62,14,0,14
377,71,2.732394,5,5,66,10,0,10
378,178,7.337079,7,8,170,16,0,16
379,3294,5.078628,12,16,3269,32,18,50
380,1149,3.392515,4,5,1144,10,0,10
381,215,81.134884,3,3,212,6,0,6
382,552,11.646739,9,11,541,22,0,22
383,357,190.218487,7,9,348,18,0,18
384,220,54.759091,4,12,206,26,2,28
385,720,5.872222,5,8,712,16,0,16
386,1341,20.177479,9,10,1331,20,0,20
387,852,1.998826,6,6,846,12,0,12
388,474,3.166667,7,9,465,18,0,18
389,167,60.065868,8,13,152,26,4,30
390,231,15.393939,9,10,216,20,10,30
391,344,17.058140,5,13,328,28,4,32
392,137,0.642336,6,6,131,12,0,12
393,183,48.005464,5,11,171,22,2,24
394,373,13.991957,6,13,351,30,14,44
395,32,49.656250,7,7,24,16,0,16
396,884,15.691176,4,5,877,14,0,14
397,1834,232.185387,7,10,1824,20,0,20
398,1220,75.459016,10,10,1210,20,0,20
399,3642,105.063427,4,9,3610,30,34,64
400,91,10.461538,6,6,85,12,0,12
401,124,0.185484,5,6,118,12,0,12
402,9,76.888889,4,4,5,8,0,8
403,2227,15.842838,3,15,2134,34,118,152
404,78,140.294872,6,6,72,12,0,12
405,302,46.519868,7,7,295,14,0,14
406,1445,0.585467,13,14,1431,28,0,28
407,3680,29.056250,9,10,3652,20,36,56
408,18,6.666667,7,7,11,14,0,14
409,425,0.138824,6,6,419,12,0,12
410,165,66.509091,3,3,162,6,0,6
411,447,2.865772,9,9,438,18,0,18
412,411,0.654501,8,8,403,16,0,16
413,75915,51.144227,8,9,75902,22,4,26
414,3423,15.034181,7,7,3416,14,0,14
415,2619,11.231768,8,12,2521,38,158,196
416,1546,1.497413,8,10,1536,20,0,20
417,6977,0.007166,4,4,6973,8,0,8
418,168,6.392857,5,5,161,14,0,14
419,1,52.000000,1,1,0,2,0,2
420,156,57.698718,11,11,144,22,2,24
421,329,21.240122,9,11,318,22,0,22
422,300,73.130000,6,8,292,16,0,16
423,74997,121.727149,5,8,74989,16,0,16
424,2163,142.115580,9,11,2150,22,4,26
425,478,13.368201,6,7,471,14,0,14
426,559,110.769231,7,23,529,46,14,60
427,891,20.674523,7,13,869,32,12,44
428,832,12.461538,3,3,829,6,0,6
429,2495,0.177956,11,12,2482,24,2,26
430,465,1.058065,9,9,456,18,0,18
431,11718,20.849036,8,9,11704,22,6,28
432,1014,0.262327,4,4,1010,8,0,8
433,1568,125.390944,8,10,1558,20,0,20
434,88,56.772727,5,7,81,14,0,14
435,418,1.803828,7,8,409,18,0,18
436,6038,5.811196,6,6,6031,14,0,14
437,126,4.357143,6,6,120,12,0,12
438,255,0.266667,4,4,251,8,0,8
439,902,6.803769,11,14,887,28,2,30
440,192,8.557292,6,6,186,12,0,12
441,78,24.833333,6,7,71,14,0,14
442,1766,47.927520,9,15,1750,30,2,32
443,66,4.651515,5,6,60,12,0,12
444,1021,0.503428,7,8,1013,16,0,16
445,1644,78.687348,10,12,1629,26,4,30
446,123,10.016260,5,6,114,18,0,18
447,221,64.257919,3,5,216,10,0,10
448,120,1.000000,1,1,119,2,0,2
449,1454,0.915406,6,7,1447,14,0,14
450,1490,1.967785,7,9,1481,18,0,18
451,87,41.873563,7,8,79,16,0,16
452,9,112.111111,3,3,6,6,0,6
453,17,0.000000,1,1,16,2,0,2
454,1080,12.233333,7,11,1066,24,4,28
455,1329,30.227991,5,7,1322,14,0,14
456,95,43.400000,7,8,86,18,0,18
457,32,4.000000,1,2,30,4,0,4
458,328,117.402439,9,13,313,26,4,30
459,93,2.365591,5,6,87,12,0,12
460,229,86.851528,5,6,223,12,0,12
461,387,0.925065,7,8,379,16,0,16
462,185,6.335135,8,9,176,18,0,18
463,1216,1.467105,10,11,1203,24,2,26
464,7037,0.706977,9,9,7028,18,0,18
465,32,33.906250,4,4,28,8,0,8
466,138,2.297101,7,7,131,14,0,14
467,297,1.454545,6,6,291,12,0,12
468,710,52.861972,5,7,703,14,0,14
469,40,0.500000,5,5,35,10,0,10
470,1895,11.524011,6,7,1888,14,0,14
471,1207,13.303231,7,7,1200,14,0,14
472,209,30.894737,5,10,199,20,0,20
473,615,151.583740,3,6,609,12,0,12
474,176,0.000000,2,2,174,4,0,4
475,349,31.151862,6,6,341,16,0,16
476,5,34.800000,3,3,2,6,0,6
477,74229,0.094640,7,8,74221,16,0,16
478,33,3.212121,3,3,30,6,0,6
479,255,1.325490,9,10,245,20,0,20
480,6716,0.262954,5,6,6710,12,0,12
481,792,0.587121,7,8,784,16,0,16
482,175,2.720000,5,6,169,12,0,12
483,876,93.160959,3,5,871,10,0,10
484,956,3.544979,7,8,948,16,0,16
485,1486,0.333782,7,7,1479,14,0,14
486,533,158.446529,5,12,519,24,4,28
487,49,17.448980,4,4,43,12,0,12
488,901,23.140954,8,10,889,20,4,24
489,314,31.407643,11,13,300,26,2,28
490,2351,1.106338,8,10,2341,20,0,20
491,155,61.212903,4,4,151,8,0,8
492,869,11.634062,6,7,862,14,0,14
493,3128,0.875320,8,11,3114,22,6,28
494,4110,98.474453,6,6,4104,12,0,12
495,14,62.928571,4,6,8,12,0,12
496,158,41.689873,7,7,147,18,4,22
497,347,21.942363,14,16,324,34,12,46
498,176,70.482955,5,9,163,22,4,26
499,309,4.281553,7,8,300,18,0,18
500,8020,0.879800,11,15,8001,32,6,38
501,113,18.938053,4,6,107,12,0,12
502,16,33.750000,3,3,13,6,0,6
503,71,105.760563,8,8,63,16,0,16
504,1454,0.024072,7,7,1447,14,0,14
505,2643,0.388574,9,11,2629,24,4,28
506,109,22.183486,3,4,105,8,0,8
507,772,43.854922,4,6,766,12,0,12
508,261,43.793103,8,9,250,18,4,22
509,224,1.348214,5,6,218,12,0,12
510,2238,62.542449,5,5,2233,10,0,10
511,4566,5.084976,4,5,4559,14,0,14
512,53,157.415094,5,5,48,10,0,10
513,12139,0.053052,3,4,12135,8,0,8
514,1170,19.863248,14,16,1144,32,20,52
515,841,1.797860,4,4,836,10,0,10
516,47,0.638298,3,3,44,6,0,6
517,136,6.147059,5,5,131,10,0,10
518,18,0.388889,2,2,16,4,0,4
519,194,2.479381,7,8,186,16,0,16
520,19,54.894737,4,6,13,12,0,12
521,328,4.966463,3,3,325,6,0,6
522,217,11.253456,7,8,209,16,0,16
523,23,5.217391,4,5,18,10,0,10
524,187,11.262032,9,9,177,18,2,20
525,151,0.980132,4,4,147,8,0,8
526,170,5.947059,5,5,165,10,0,10
527,720,0.980556,3,3,715,10,0,10
528,121,6.363636,6,7,114,14,0,14
529,23,58.043478,3,3,20,6,0,6
530,56,3.303571,8,9,47,18,0,18
531,271,72.461255,9,12,259,24,0,24
532,400,69.497500,6,8,390,20,0,20
533,418550,0.000186,5,5,418545,10,0,10
534,269,1.877323,4,5,264,10,0,10
535,97,4.350515,8,8,89,16,0,16
536,346,22.658960,6,6,340,12,0,12
537,156,46.346154,3,4,152,8,0,8
538,224,181.330357,5,5,218,12,0,12
539,1082,20.353050,12,18,1060,36,8,44
540,74,0.594595,2,2,72,4,0,4
541,80,22.550000,8,8,72,16,0,16
542,19550,19.301586,7,7,19541,18,0,18
543,1878,7.646432,6,10,1867,22,0,22
544,74,1.918919,6,6,68,12,0,12
545,2208,44.158514,10,14,2183,28,22,50
546,2366,0.000000,5,5,2361,10,0,10
547,51,24.215686,5,5,46,10,0,10
548,66,38.590909,8,9,57,18,0,18
549,1114,3.133752,9,14,1082,28,36,64
550,23,10.521739,6,6,17,12,0,12
551,2389,0.886145,8,9,2375,20,8,28
552,441,36.401361,6,8,433,16,0,16
553,278,2.661871,6,6,272,12,0,12
554,313039,0.001645,5,6,313033,12,0,12
555,428,42.186916,7,12,408,26,14,40
556,2650,14.873962,8,9,2641,18,0,18
557,4998,0.619848,9,10,4985,22,4,26
558,793,0.187894,6,6,787,12,0,12
559,388,4.128866,7,7,381,14,0,14
560,478,86.696653,7,7,471,14,0,14
561,14448,0.033499,7,8,14440,16,0,16
562,100,117.740000,4,9,91,18,0,18
563,917,24.278081,6,11,903,22,6,28
564,1144,0.003497,3,3,1141,6,0,6
565,18190,0.023035,9,9,18180,20,0,20
566,231,0.484848,6,6,225,12,0,12
567,214,43.070093,7,10,204,20,0,20
568,366,74.076503,12,20,328,46,30,76
569,26,42.000000,2,2,24,4,0,4
570,131,7.389313,7,8,123,16,0,16
571,27,52.777778,2,2,25,4,0,4
572,129445,0.004612,8,8,129437,16,0,16
573,1428,3.782213,9,9,1418,18,2,20
574,921,8.765472,8,8,913,16,0,16
575,172,6.197674,6,7,165,14,0,14
576,382,14.146597,8,8,372,20,0,20
577,667,1.544228,6,6,661,12,0,12
578,219,0.000000,2,2,217,4,0,4
579,220,5.813636,6,8,211,18,0,18
580,158,5.943038,6,6,152,12,0,12
581,1156,4.793253,9,13,1140,30,2,32
582,343,99.090379,4,6,336,14,0,14
583,132,27.424242,2,10,122,20,0,20
584,447,10.829978,4,4,443,8,0,8
585,649,23.878274,7,9,638,22,0,22
586,31,0.000000,4,4,27,8,0,8
587,227,61.643172,7,8,218,18,0,18
588,201,2.482587,5,6,195,12,0,12
589,251,82.944223,9,11,237,22,6,28
590,94,35.223404,7,10,81,22,4,26
591,5398,1.100037,11,11,5386,22,2,24
592,3486,0.137407,6,6,3479,14,0,14
593,435,23.779310,2,2,433,4,0,4
594,123,0.000000,2,2,121,4,0,4
595,133,4.413534,4,4,129,8,0,8
596,498,87.698795,10,12,483,24,6,30
597,448,6.156250,7,8,440,16,0,16
598,38,55.710526,7,7,31,14,0,14
599,505,7.263366,7,12,489,24,8,32
600,240,7.045833,8,10,230,20,0,20
601,480,2.727083,4,5,475,10,0,10
602,47,5.361702,5,5,42,10,0,10
603,27,0.851852,3,3,24,6,0,6
604,146843,8.006408,7,9,146831,20,4,24
605,228,13.131579,8,9,219,18,0,18
606,213388,2.261950,10,14,213370,32,4,36
607,41,82.829268,7,9,31,20,0,20
608,333,1.009009,6,6,327,12,0,12
609,119,5.815126,7,7,112,14,0,14
610,1224,43.347222,7,9,1215,18,0,18
611,145,22.096552,6,6,138,14,0,14
612,71,92.183099,6,7,64,14,0,14
613,55,14.981818,5,5,50,10,0,10
614,2262,152.611406,12,17,2230,34,30,64
615,175,3.902857,4,5,170,10,0,10
616,662,5.226586,7,10,648,22,6,28
617,106,36.952830,7,8,98,16,0,16
618,1005,72.184080,10,13,988,28,6,34
619,346,29.341040,5,7,338,16,0,16
620,14,16.500000,5,5,9,10,0,10
621,37,88.648649,6,6,31,12,0,12
622,1786,0.651176,13,14,1767,28,10,38
623,456,12.140351,3,6,450,12,0,12
624,34,3.588235,8,8,25,18,0,18
625,200,30.835000,6,6,194,12,0,12
626,20,7.350000,3,3,17,6,0,6
627,1374,0.189229,5,5,1369,10,0,10
628,1637,72.034820,3,7,1630,14,0,14
629,188,24.393617,9,9,178,18,2,20
630,19791,0.021980,7,7,19784,14,0,14
631,1163,34.671539,7,11,1149,22,6,28
632,107,0.037383,5,5,102,10,0,10
633,426,15.079812,10,11,413,22,4,26
634,24,26.458333,7,7,17,14,0,14
635,247,0.109312,10,10,237,20,0,20
636,21070,6.052397,5,5,21065,10,0,10
637,5,0.600000,3,3,2,6,0,6
638,336,9.877976,11,12,323,24,2,26
639,123,9.674797,7,8,114,18,0,18
640,201,7.233831,7,10,190,20,2,22
641,4,0.000000,1,1,3,2,0,2
642,173,8.786127,4,4,168,10,0,10
643,570,1.768421,5,5,564,12,0,12
644,276,1.978261,11,12,263,24,2,26
645,1699,87.932313,7,11,1687,22,2,24
646,87,18.586207,5,5,82,10,0,10
647,478,4.843096,5,5,471,14,0,14
648,66,0.833333,5,5,61,10,0,10
649,1023,3.179863,7,7,1016,14,0,14
650,56,32.714286,4,6,50,12,0,12
651,105486,7.973058,9,17,104890,34,1158,1192
652,206,8.500000,7,7,199,14,0,14
653,6321,118.249486,8,11,6307,22,6,28
654,549,121.867031,7,9,540,18,0,18
655,108,135.990741,6,13,92,26,6,32
656,2386,11.368818,6,7,2378,16,0,16
657,76,20.578947,5,10,66,20,0,20
658,130,5.138462,6,6,124,12,0,12
659,29,4.965517,3,3,26,6,0,6
660,2008,7.648904,12,12,1994,24,4,28
661,717,11.227336,5,6,711,12,0,12
662,25845,13.354653,5,8,25837,16,0,16
663,953,0.931794,6,6,947,12,0,12
664,1027,19.854917,5,6,1009,26,10,36
665,107,8.925234,3,4,103,8,0,8
666,46,34.086957,8,8,38,16,0,16
667,985,23.608122,4,4,981,8,0,8
668,82,34.780488,7,11,71,22,0,22
669,114,22.728070,4,7,106,16,0,16
670,13,148.384615,4,5,8,10,0,10
671,722,4.993075,5,7,715,14,0,14
672,242,0.000000,6,6,236,12,0,12
673,330,152.875758,4,4,326,8,0,8
674,32776,0.065139,10,12,32763,24,2,26
675,6145,6.953295,4,6,6139,12,0,12
676,669,100.828102,9,15,642,36,18,54
677,278,82.625899,5,13,260,26,10,36
678,702,65.247863,7,9,693,18,0,18
679,47,46.872340,4,5,41,12,0,12
680,504218,6.993929,6,7,504211,14,0,14
681,598,5.371237,6,7,591,14,0,14
682,110,3.418182,4,5,105,10,0,10
683,37,4.243243,2,2,35,4,0,4
684,13,152.000000,2,2,11,4,0,4
685,62,0.096774,5,5,57,10,0,10
686,343,41.880466,7,11,331,22,2,24
687,15,0.000000,1,1,14,2,0,2
688,125,16.736000,5,7,116,18,0,18
689,422,0.002370,4,4,418,8,0,8
690,405,34.162963,6,15,354,52,50,102
691,132,8.977273,6,8,124,16,0,16
692,107,2.962617,4,5,102,10,0,10
693,90,26.133333,9,11,76,24,4,28
694,2,77.000000,1,1,1,2,0,2
695,6691,4.529816,12,20,6668,38,4,42
696,1199,2.065888,9,10,1186,22,4,26
697,188,21.882979,8,9,178,18,2,20
698,132,17.378788,6,7,125,14,0,14
699,903,0.254707,6,7,896,14,0,14
700,16529,0.094985,7,7,16522,14,0,14
701,98,122.326531,6,6,91,14,0,14
702,1212,9.004125,8,10,1199,22,4,26
703,14054,12.028248,8,13,14037,28,6,34
704,64,40.921875,5,5,58,12,0,12
705,74,8.310811,2,2,72,4,0,4
706,945,9.382011,6,8,933,18,6,24
707,575,1.906087,10,10,564,20,2,22
708,70,4.985714,5,5,65,10,0,10
709,1324,80.604985,8,8,1313,20,2,22
710,170,28.305882,8,8,161,18,0,18
711,30,3.200000,3,3,27,6,0,6
712,72,120.000000,6,6,66,12,0,12
713,12,116.666667,3,4,8,8,0,8
714,1221,6.402948,6,12,1207,24,4,28
715,288,4.618056,6,7,280,16,0,16
716,1423,22.074491,6,8,1414,18,0,18
717,720,4.655556,6,7,713,14,0,14
718,808,10.829208,4,5,803,10,0,10
719,4,12.000000,1,1,3,2,0,2
720,150,44.660000,6,6,144,12,0,12
721,929,2.875135,5,6,923,12,0,12
722,170,7.764706,5,5,165,10,0,10
723,202,13.252475,6,7,195,14,0,14
724,52,61.903846,6,7,45,14,0,14
725,28162,0.055039,8,8,28154,16,0,16
726,15,42.133333,2,2,13,4,0,4
727,69,106.086957,7,7,62,14,0,14
728,37,0.000000,2,2,35,4,0,4
729,399,100.197995,5,7,392,14,0,14
730,141,2.801418,7,9,132,18,0,18
731,176,112.193182,9,9,167,18,0,18
732,495,3.098990,4,4,490,10,0,10
733,157,34.898089,6,8,149,16,0,16
734,14,138.000000,1,3,11,6,0,6
735,37,53.945946,4,5,32,10,0,10
736,50,6.520000,4,4,46,8,0,8
737,908,144.367841,4,6,902,12,0,12
738,49,30.081633,3,6,43,12,0,12
739,91,17.692308,4,5,86,10,0,10
740,1070,31.838318,6,6,1064,12,0,12
741,136,7.735294,6,6,130,12,0,12
742,1882,2.706695,9,10,1870,22,2,24
743,140,9.785714,8,9,131,18,0,18
744,192,2.010417,5,5,187,10,0,10
745,1646,58.561361,9,14,1626,30,10,40
746,13,100.769231,4,4,9,8,0,8
747,11,103.545455,4,5,6,10,0,10
748,57,18.526316,4,4,53,8,0,8
749,181,2.088398,6,6,174,14,0,14
750,54,6.055556,4,5,49,10,0,10
751,157761,0.149917,5,9,157752,18,0,18
752,459,175.840959,9,12,443,24,8,32
753,26,0.961538,2,2,24,4,0,4
754,446,64.829596,3,3,443,6,0,6
755,19,0.421053,3,3,16,6,0,6
756,342,33.526316,7,8,334,16,0,16
757,171,5.192982,9,9,161,18,2,20
758,68,12.867647,8,10,57,20,2,22
759,54,2.518519,4,4,50,8,0,8
760,22246,11.118853,7,13,22228,30,6,36
761,103,26.446602,7,15,76,34,20,54
762,409,96.092910,8,10,399,20,0,20
763,228,7.807018,10,10,216,22,2,24
764,4128,0.139535,4,5,4123,10,0,10
765,26,3.500000,3,3,23,6,0,6
766,690,21.165217,8,11,676,22,6,28
767,140,14.485714,5,8,132,16,0,16
768,428,13.764019,7,7,421,14,0,14
769,7939,0.321829,9,10,7929,20,0,20
770,186,5.026882,7,8,176,18,2,20
771,250,5.664000,8,8,242,16,0,16
772,296,25.618243,8,8,288,16,0,16
773,3989,194.777388,8,11,3973,22,10,32
774,5237,4.457132,6,12,5224,24,2,26
775,236,95.360169,8,12,223,24,2,26
776,10049,1.527714,7,7,10041,16,0,16
777,968,33.307851,6,9,959,18,0,18
778,1362,3.013950,7,7,1355,14,0,14
779,131,1.572519,8,8,123,16,0,16
780,1711,1.220339,7,7,1703,16,0,16
781,16478,10.099830,8,10,16463,24,6,30
782,40,116.000000,2,5,35,10,0,10
783,95,34.715789,4,4,91,8,0,8
784,450,16.337778,6,6,443,14,0,14
785,920,1.385870,3,3,917,6,0,6
786,159,11.176101,7,7,151,16,0,16
787,74,32.648649,3,3,71,6,0,6
788,896,123.597098,6,10,885,22,0,22
789,83,31.614458,5,5,78,10,0,10
790,691,65.548480,7,14,676,28,2,30
791,378,20.039683,10,12,362,24,8,32
792,278,76.971223,5,6,272,12,0,12
793,57170,132.793371,6,8,57162,16,0,16
794,251846,0.006798,9,9,251837,18,0,18
795,89,0.000000,2,2,87,4,0,4
796,105,58.580952,7,7,98,14,0,14
797,503,3.363817,4,4,499,8,0,8
798,200,87.420000,7,13,184,26,6,32
799,4009,15.201048,6,6,4003,12,0,12
800,267,0.569288,8,8,259,16,0,16
801,1303,14.870299,5,8,1295,16,0,16
802,1575,1.032381,7,10,1564,22,0,22
803,1806,97.038760,7,10,1795,20,2,22
804,33,0.000000,3,3,30,6,0,6
805,1770,0.036158,3,3,1767,6,0,6
806,540,62.042593,7,7,533,14,0,14
807,115,1.686957,6,6,109,12,0,12
808,100,0.000000,4,4,96,8,0,8
809,95,0.168421,4,4,91,8,0,8
810,612,2.153595,4,4,608,8,0,8
811,61,0.000000,2,2,59,4,0,4
812,262,86.660305,6,12,243,28,10,38
813,29,79.586207,3,4,24,10,0,10
814,65,4.553846,6,6,58,14,0,14
815,53,27.886792,5,7,46,14,0,14
816,120,2.266667,5,5,115,10,0,10
817,47,6.446809,4,5,42,10,0,10
818,304,19.305921,4,6,298,12,0,12
819,57,32.614035,6,6,51,12,0,12
820,1187,63.062342,6,8,1179,16,0,16
821,74,147.216216,4,6,68,12,0,12
822,345,0.011594,3,3,342,6,0,6
823,7877,16.448394,13,16,7857,32,8,40
824,135,38.466667,6,7,128,14,0,14
825,291,39.075601,6,7,281,18,2,20
826,8130,103.477245,7,11,8118,22,2,24
827,146,3.123288,5,5,141,10,0,10
828,148,87.195946,5,7,141,14,0,14
829,93,101.698925,6,11,82,22,0,22
830,41,0.146341,4,4,37,8,0,8
831,1053,84.760684,3,5,1048,10,0,10
832,16805,39.236477,7,9,16796,18,0,18
833,1378,0.341800,5,5,1373,10,0,10
834,181,99.475138,7,10,170,20,2,22
835,3413,37.771755,7,8,3405,16,0,16
836,3298,4.526380,6,9,3288,18,2,20
837,78,16.461538,5,5,73,10,0,10
838,138,5.094203,10,11,122,24,8,32
839,212,14.283019,6,7,205,14,0,14
840,12,76.833333,3,3,9,6,0,6
841,29,0.034483,3,3,26,6,0,6
842,132,0.128788,6,6,126,12,0,12
843,32,8.781250,4,4,28,8,0,8
844,1498663,103.998561,6,71,1047704,220,901698,901918
845,60,12.916667,8,8,52,16,0,16
846,116,8.543103,7,7,109,14,0,14
847,52,6.903846,4,4,48,8,0,8
848,400,87.100000,5,7,393,14,0,14
849,345,88.150725,9,13,325,28,12,40
850,191,3.989529,7,8,183,16,0,16
851,1032,161.398256,12,16,1008,32,16,48
852,327,21.431193,7,9,316,22,0,22
853,3,4.333333,2,2,1,4,0,4
854,19729,2.082518,5,5,19724,10,0,10
855,55,27.272727,4,4,51,8,0,8
856,168,0.327381,5,5,163,10,0,10
857,98,14.051020,6,8,89,18,0,18
858,385,102.018182,4,9,375,20,0,20
859,1848,7.562229,13,13,1809,34,44,78
860,962,11.011435,9,13,949,26,0,26
861,92,12.304348,5,6,86,12,0,12
862,188,5.063830,2,2,186,4,0,4
863,271,14.228782,8,15,256,30,0,30
864,148,0.000000,4,4,144,8,0,8
865,56,0.321429,5,5,51,10,0,10
866,500,15.048000,4,5,495,10,0,10
867,185,1.924324,6,7,178,14,0,14
868,24,42.000000,1,1,23,2,0,2
869,984,2.191057,4,4,980,8,0,8
870,27,11.777778,3,3,24,6,0,6
871,309,4.404531,8,9,300,18,0,18
872,58134,20.969243,6,6,58128,12,0,12
873,1013,25.750247,7,11,987,32,20,52
874,227,94.022026,4,7,220,14,0,14
875,307,135.641694,5,6,301,12,0,12
876,174,102.597701,7,10,163,20,2,22
877,17,47.764706,3,3,14,6,0,6
878,15,76.266667,2,2,13,4,0,4
879,191,28.554974,5,6,185,12,0,12
880,2226,10.573226,9,13,2201,28,22,50
881,321,15.803738,7,9,312,18,0,18
882,766,5.825065,3,5,761,10,0,10
883,174,151.327586,5,6,168,12,0,12
884,315,7.317460,9,12,300,26,4,30
885,608,30.858553,3,6,602,12,0,12
886,519,3.899807,6,6,513,12,0,12
887,469,2.153518,6,8,461,16,0,16
888,221,25.104072,6,7,214,14,0,14
889,78,20.653846,7,8,70,16,0,16
890,4,38.750000,3,3,1,6,0,6
891,21,51.095238,4,4,17,8,0,8
892,807,64.333333,8,12,788,26,12,38
893,59,27.152542,2,5,54,10,0,10
894,335105,0.137342,5,6,335099,12,0,12
895,111,69.927928,4,6,105,12,0,12
896,1265,19.513043,5,8,1254,20,2,22
897,3065,44.235563,7,8,3057,16,0,16
898,685,78.411679,9,14,665,28,12,40
899,166,0.192771,4,4,162,8,0,8
900,42,2.952381,4,4,38,8,0,8
901,514,26.424125,6,7,506,16,0,16
902,30608,1.472099,8,8,30600,16,0,16
903,95,18.368421,8,8,87,16,0,16
904,217,19.414747,11,19,188,38,20,58
905,6527,0.417343,8,9,6517,18,2,20
906,833,10.399760,8,12,820,26,0,26
907,76,14.986842,5,5,70,12,0,12
908,66,7.363636,7,8,58,16,0,16
909,4,0.000000,1,1,3,2,0,2
910,10064,0.000199,2,2,10062,4,0,4
911,390,9.720513,9,11,379,22,0,22
912,18,53.000000,2,2,16,4,0,4
913,195,36.630769,8,8,187,16,0,16
914,297,9.124579,3,8,289,16,0,16
915,1859,228.320065,8,8,1851,16,0,16
916,41,1.341463,3,3,38,6,0,6
917,424,10.582547,8,9,414,18,2,20
918,977,4.303992,7,8,969,16,0,16
919,17,0.000000,2,2,15,4,0,4
920,28,3.357143,3,3,25,6,0,6
921,69,139.231884,5,8,61,16,0,16
922,150,0.293333,5,5,145,10,0,10
923,1124,30.187722,12,13,1103,26,16,42
924,202,59.673267,7,9,193,18,0,18
925,875,2.515429,8,9,865,20,0,20
926,201,6.099502,7,10,191,20,0,20
927,5694,108.744292,7,7,5687,14,0,14
928,355,1.938028,2,2,353,4,0,4
929,1759,205.133030,10,15,1736,30,16,46
930,246,8.455285,4,4,241,10,0,10
931,359,35.793872,5,8,351,16,0,16
932,170,9.011765,3,5,165,10,0,10
933,471,1.089172,6,8,463,16,0,16
934,95,29.452632,6,6,89,12,0,12
935,303,2.508251,7,7,296,14,0,14
936,51,0.666667,4,5,46,10,0,10
937,481,147.985447,6,8,473,16,0,16
938,1547,0.348416,6,7,1540,14,0,14
939,615,146.546341,3,5,610,10,0,10
940,402,112.303483,3,3,399,6,0,6
941,345,4.707246,7,7,338,14,0,14
942,273,85.315018,5,7,265,16,0,16
943,38,5.736842,4,4,34,8,0,8
944,331,3.703927,9,9,322,18,0,18
945,30,22.366667,4,4,26,8,0,8
946,4309,1.148294,8,9,4300,18,0,18
947,4075,9.356319,7,8,4066,18,0,18
948,2977,33.857239,6,8,2968,18,0,18
949,449,22.685969,8,10,439,20,0,20
950,12097,23.199967,3,3,12094,6,0,6
951,1942,0.631823,5,5,1937,10,0,10
952,880,72.545455,9,13,866,26,2,28
953,1065,0.004695,3,3,1062,6,0,6
954,103,111.097087,6,8,92,22,0,22
955,22,89.272727,6,6,16,12,0,12
956,3112,0.193445,3,4,3108,8,0,8
957,20,20.200000,4,4,16,8,0,8
958,374,71.922460,6,6,368,12,0,12
959,34181,65.678008,8,8,34173,16,0,16
960,13,18.076923,3,4,9,8,0,8
961,256,19.656250,7,8,248,16,0,16
962,241,23.730290,10,12,225,26,6,32
963,131,32.671756,6,7,123,16,0,16
964,738,1.192412,7,8,730,16,0,16
965,237,56.358650,7,11,221,26,6,32
966,46,41.978261,5,6,38,16,0,16
967,710,96.867606,4,5,705,10,0,10
968,4317,0.763493,6,6,4311,12,0,12
969,21,8.761905,6,6,15,12,0,12
970,108,6.490741,6,7,101,14,0,14
971,329,16.468085,6,9,320,18,0,18
972,716,3.407821,5,5,711,10,0,10
973,6631,0.405520,6,6,6625,12,0,12
974,286,7.940559,9,10,276,20,0,20
975,10,136.200000,4,5,5,10,0,10
976,128,2.273438,5,5,123,10,0,10
977,419,1.794749,3,3,416,6,0,6
978,115,2.165217,5,7,108,14,0,14
979,170,13.588235,8,8,162,16,0,16
980,584,116.116438,9,12,569,24,6,30
981,2040,1.127941,6,8,2031,18,0,18
982,402,8.370647,5,5,397,10,0,10
983,17795,0.429896,4,5,17790,10,0,10
984,267,4.134831,7,7,260,14,0,14
985,115,7.834783,5,5,110,10,0,10
986,228,50.521930,12,12,215,24,2,26
987,484,2.214876,6,6,478,12,0,12
988,3032,0.382916,8,8,3024,16,0,16
989,238,0.554622,7,7,231,14,0,14
990,1129,35.848539,4,6,1123,12,0,12
991,465,4.283871,5,5,459,12,0,12
992,221,16.647059,9,10,206,24,6,30
993,185,1.286486,4,4,181,8,0,8
994,51,28.039216,4,4,46,10,0,10
995,12285,0.402116,8,9,12276,18,0,18
996,9066,5.933708,7,13,9039,36,18,54
997,865,3.173410,4,4,860,10,0,10
998,466131,0.008358,7,9,466118,18,8,26
999,127,43.645669,6,8,117,20,0,20
1000,253,5.743083,13,14,238,28,2,30
1001,2375,46.022316,8,9,2366,18,0,18
1002,142,6.147887,7,9,133,18,0,18
1003,32,112.687500,3,3,29,6,0,6
1004,59,29.288136,5,6,53,12,0,12
1005,733,40.342428,3,3,730,6,0,6
1006,286,34.405594,6,7,278,16,0,16
1007,148,6.466216,9,11,136,24,0,24
1008,30,1.766667,4,4,26,8,0,8
1009,207,14.487923,6,6,201,12,0,12
1010,151,4.006623,4,5,146,10,0,10
1011,2446194,91.921480,6,98,1719530,326,1453002,1453328
1012,14,4.428571,3,3,11,6,0,6
1013,997,19.112337,4,4,993,8,0,8
1014,65,1.230769,6,6,59,12,0,12
1015,116,8.137931,7,7,109,14,0,14
1016,231,30.173160,4,4,227,8,0,8
1017,153,1.490196,9,10,143,20,0,20
1018,100,68.860000,6,7,93,14,0,14
1019,54,95.259259,6,6,48,12,0,12
1020,192,85.406250,6,7,185,14,0,14
1021,8,26.000000,2,2,6,4,0,4
1022,247,6.967611,6,7,240,14,0,14
1023,2862,10.012928,10,14,2840,30,14,44
