capacity_exp,capacity,set_idx,hit_count,first_miss,second_miss,total_miss,total_activity,first_miss_ratio_percent,second_miss_ratio_percent,miss_share_percent,activity_share_percent,doc_count,active_doc_count,miss_active_doc_count,first_prefix_count,second_prefix_count,dominant_second_prefix_len,dominant_second_prefix_miss
13,8192,0,195,24,6,30,225,80.000000,20.000000,0.001033,0.001965,1,1,1,6,3,16,2
13,8192,1,335,28,8,36,371,77.777778,22.222222,0.001239,0.003239,1,1,1,8,4,15,2
13,8192,2,1963,6,0,6,1969,100.000000,0.000000,0.000207,0.017193,1,1,1,3,0,,0
13,8192,3,27,8,0,8,35,100.000000,0.000000,0.000275,0.000306,1,1,1,3,0,,0
13,8192,4,12306,14,0,14,12320,100.000000,0.000000,0.000482,0.107575,1,1,1,7,0,,0
13,8192,5,137,6,0,6,143,100.000000,0.000000,0.000207,0.001249,1,1,1,3,0,,0
13,8192,6,23,12,0,12,35,100.000000,0.000000,0.000413,0.000306,1,1,1,4,0,,0
13,8192,7,1696,22,0,22,1718,100.000000,0.000000,0.000757,0.015001,1,1,1,9,0,,0
13,8192,8,1736,14,0,14,1750,100.000000,0.000000,0.000482,0.015281,1,1,1,6,0,,0
13,8192,9,1153,14,0,14,1167,100.000000,0.000000,0.000482,0.010190,1,1,1,5,0,,0
13,8192,10,3533,8,0,8,3541,100.000000,0.000000,0.000275,0.030919,1,1,1,4,0,,0
13,8192,11,151,6,0,6,157,100.000000,0.000000,0.000207,0.001371,1,1,1,3,0,,0
13,8192,12,21166,30,4,34,21200,88.235294,11.764706,0.001170,0.185114,1,1,1,5,2,16,2
13,8192,13,262,14,0,14,276,100.000000,0.000000,0.000482,0.002410,1,1,1,7,0,,0
13,8192,14,1155,22,2,24,1179,91.666667,8.333333,0.000826,0.010295,1,1,1,7,1,24,2
13,8192,15,9040,20,2,22,9062,90.909091,9.090909,0.000757,0.079127,1,1,1,9,1,24,2
13,8192,16,162,20,0,20,182,100.000000,0.000000,0.000689,0.001589,1,1,1,7,0,,0
13,8192,17,587,28,2,30,617,93.333333,6.666667,0.001033,0.005388,1,1,1,7,1,21,2
13,8192,18,182,18,0,18,200,100.000000,0.000000,0.000620,0.001746,1,1,1,4,0,,0
13,8192,19,2,4,0,4,6,100.000000,0.000000,0.000138,0.000052,1,1,1,2,0,,0
13,8192,20,2346,12,0,12,2358,100.000000,0.000000,0.000413,0.020590,1,1,1,4,0,,0
13,8192,21,1757,16,0,16,1773,100.000000,0.000000,0.000551,0.015481,1,1,1,6,0,,0
13,8192,22,8802,26,0,26,8828,100.000000,0.000000,0.000895,0.077084,1,1,1,7,0,,0
13,8192,23,571,24,0,24,595,100.000000,0.000000,0.000826,0.005195,1,1,1,6,0,,0
13,8192,24,486,16,0,16,502,100.000000,0.000000,0.000551,0.004383,1,1,1,6,0,,0
13,8192,25,325,12,0,12,337,100.000000,0.000000,0.000413,0.002943,1,1,1,5,0,,0
13,8192,26,2524,40,346,386,2910,10.362694,89.637306,0.013288,0.025409,1,1,1,9,8,24,214
13,8192,27,0,0,0,0,0,0.000000,0.000000,0.000000,0.000000,1,0,0,0,0,,0
13,8192,28,24,12,0,12,36,100.000000,0.000000,0.000413,0.000314,1,1,1,6,0,,0
13,8192,29,44,8,0,8,52,100.000000,0.000000,0.000275,0.000454,1,1,1,4,0,,0
13,8192,30,6192,14,0,14,6206,100.000000,0.000000,0.000482,0.054189,1,1,1,7,0,,0
13,8192,31,56,12,0,12,68,100.000000,0.000000,0.000413,0.000594,1,1,1,5,0,,0
13,8192,32,52,14,0,14,66,100.000000,0.000000,0.000482,0.000576,1,1,1,6,0,,0
13,8192,33,18,6,0,6,24,100.000000,0.000000,0.000207,0.000210,1,1,1,3,0,,0
13,8192,34,53,14,0,14,67,100.000000,0.000000,0.000482,0.000585,1,1,1,4,0,,0
13,8192,35,11186,26,6,32,11218,81.250000,18.750000,0.001102,0.097953,1,1,1,8,3,14,2
13,8192,36,138,14,0,14,152,100.000000,0.000000,0.000482,0.001327,1,1,1,6,0,,0
13,8192,37,276,24,2,26,302,92.307692,7.692308,0.000895,0.002637,1,1,1,8,1,18,2
13,8192,38,41,12,0,12,53,100.000000,0.000000,0.000413,0.000463,1,1,1,4,0,,0
13,8192,39,49,12,0,12,61,100.000000,0.000000,0.000413,0.000533,1,1,1,5,0,,0
13,8192,40,274,20,0,20,294,100.000000,0.000000,0.000689,0.002567,1,1,1,5,0,,0
13,8192,41,1717,18,0,18,1735,100.000000,0.000000,0.000620,0.015150,1,1,1,7,0,,0
13,8192,42,1401,10,0,10,1411,100.000000,0.000000,0.000344,0.012321,1,1,1,3,0,,0
13,8192,43,56,22,0,22,78,100.000000,0.000000,0.000757,0.000681,1,1,1,7,0,,0
13,8192,44,109,14,0,14,123,100.000000,0.000000,0.000482,0.001074,1,1,1,5,0,,0
13,8192,45,1947,36,46,82,2029,43.902439,56.097561,0.002823,0.017717,1,1,1,8,7,16,12
13,8192,46,52,14,0,14,66,100.000000,0.000000,0.000482,0.000576,1,1,1,7,0,,0
13,8192,47,139,10,0,10,149,100.000000,0.000000,0.000344,0.001301,1,1,1,5,0,,0
13,8192,48,2646,28,26,54,2700,51.851852,48.148148,0.001859,0.023576,1,1,1,7,3,24,22
13,8192,49,61,10,0,10,71,100.000000,0.000000,0.000344,0.000620,1,1,1,4,0,,0
13,8192,50,686,8,0,8,694,100.000000,0.000000,0.000275,0.006060,1,1,1,2,0,,0
13,8192,51,355,14,0,14,369,100.000000,0.000000,0.000482,0.003222,1,1,1,5,0,,0
13,8192,52,81,10,0,10,91,100.000000,0.000000,0.000344,0.000795,1,1,1,4,0,,0
13,8192,53,814,20,2,22,836,90.909091,9.090909,0.000757,0.007300,1,1,1,7,1,20,2
13,8192,54,267,12,0,12,279,100.000000,0.000000,0.000413,0.002436,1,1,1,4,0,,0
13,8192,55,50,12,0,12,62,100.000000,0.000000,0.000413,0.000541,1,1,1,4,0,,0
13,8192,56,484,10,0,10,494,100.000000,0.000000,0.000344,0.004313,1,1,1,4,0,,0
13,8192,57,16,14,0,14,30,100.000000,0.000000,0.000482,0.000262,1,1,1,5,0,,0
13,8192,58,59,8,0,8,67,100.000000,0.000000,0.000275,0.000585,1,1,1,4,0,,0
13,8192,59,3718,24,0,24,3742,100.000000,0.000000,0.000826,0.032674,1,1,1,8,0,,0
13,8192,60,86,16,0,16,102,100.000000,0.000000,0.000551,0.000891,1,1,1,5,0,,0
13,8192,61,480,28,4,32,512,87.500000,12.500000,0.001102,0.004471,1,1,1,4,1,20,4
13,8192,62,85,14,0,14,99,100.000000,0.000000,0.000482,0.000864,1,1,1,3,0,,0
13,8192,63,22,18,0,18,40,100.000000,0.000000,0.000620,0.000349,1,1,1,7,0,,0
13,8192,64,74,12,0,12,86,100.000000,0.000000,0.000413,0.000751,1,1,1,6,0,,0
13,8192,65,203,6,0,6,209,100.000000,0.000000,0.000207,0.001825,1,1,1,2,0,,0
13,8192,66,232,22,0,22,254,100.000000,0.000000,0.000757,0.002218,1,1,1,8,0,,0
13,8192,67,4253,14,0,14,4267,100.000000,0.000000,0.000482,0.037258,1,1,1,5,0,,0
13,8192,68,31,6,0,6,37,100.000000,0.000000,0.000207,0.000323,1,1,1,2,0,,0
13,8192,69,59,8,0,8,67,100.000000,0.000000,0.000275,0.000585,1,1,1,2,0,,0
13,8192,70,92,18,0,18,110,100.000000,0.000000,0.000620,0.000960,1,1,1,6,0,,0
13,8192,71,895,24,10,34,929,70.588235,29.411765,0.001170,0.008112,1,1,1,5,3,20,6
13,8192,72,29,8,0,8,37,100.000000,0.000000,0.000275,0.000323,1,1,1,4,0,,0
13,8192,73,5,4,0,4,9,100.000000,0.000000,0.000138,0.000079,1,1,1,2,0,,0
13,8192,74,8,8,0,8,16,100.000000,0.000000,0.000275,0.000140,1,1,1,4,0,,0
13,8192,75,2253,14,0,14,2267,100.000000,0.000000,0.000482,0.019795,1,1,1,6,0,,0
13,8192,76,41,6,0,6,47,100.000000,0.000000,0.000207,0.000410,1,1,1,3,0,,0
13,8192,77,80470,18,0,18,80488,100.000000,0.000000,0.000620,0.702803,1,1,1,7,0,,0
13,8192,78,144,18,0,18,162,100.000000,0.000000,0.000620,0.001415,1,1,1,8,0,,0
13,8192,79,39,12,0,12,51,100.000000,0.000000,0.000413,0.000445,1,1,1,4,0,,0
13,8192,80,46,8,0,8,54,100.000000,0.000000,0.000275,0.000472,1,1,1,4,0,,0
13,8192,81,270,8,0,8,278,100.000000,0.000000,0.000275,0.002427,1,1,1,3,0,,0
13,8192,82,11338,24,6,30,11368,80.000000,20.000000,0.001033,0.099263,1,1,1,7,2,18,4
13,8192,83,17,6,0,6,23,100.000000,0.000000,0.000207,0.000201,1,1,1,3,0,,0
13,8192,84,378,14,0,14,392,100.000000,0.000000,0.000482,0.003423,1,1,1,5,0,,0
13,8192,85,13,8,0,8,21,100.000000,0.000000,0.000275,0.000183,1,1,1,4,0,,0
13,8192,86,12636,22,0,22,12658,100.000000,0.000000,0.000757,0.110527,1,1,1,8,0,,0
13,8192,87,1001,12,0,12,1013,100.000000,0.000000,0.000413,0.008845,1,1,1,5,0,,0
13,8192,88,862,10,0,10,872,100.000000,0.000000,0.000344,0.007614,1,1,1,4,0,,0
13,8192,89,69,4,0,4,73,100.000000,0.000000,0.000138,0.000637,1,1,1,2,0,,0
13,8192,90,355,28,12,40,395,70.000000,30.000000,0.001377,0.003449,1,1,1,5,2,22,10
13,8192,91,2,6,0,6,8,100.000000,0.000000,0.000207,0.000070,1,1,1,3,0,,0
13,8192,92,78,16,0,16,94,100.000000,0.000000,0.000551,0.000821,1,1,1,5,0,,0
13,8192,93,41,20,0,20,61,100.000000,0.000000,0.000689,0.000533,1,1,1,8,0,,0
13,8192,94,3073,18,2,20,3093,90.000000,10.000000,0.000689,0.027007,1,1,1,7,1,12,2
13,8192,95,96,14,0,14,110,100.000000,0.000000,0.000482,0.000960,1,1,1,5,0,,0
13,8192,96,644,12,0,12,656,100.000000,0.000000,0.000413,0.005728,1,1,1,5,0,,0
13,8192,97,40,12,0,12,52,100.000000,0.000000,0.000413,0.000454,1,1,1,5,0,,0
13,8192,98,329,12,0,12,341,100.000000,0.000000,0.000413,0.002978,1,1,1,5,0,,0
13,8192,99,850,16,0,16,866,100.000000,0.000000,0.000551,0.007562,1,1,1,7,0,,0
13,8192,100,331,20,0,20,351,100.000000,0.000000,0.000689,0.003065,1,1,1,5,0,,0
13,8192,101,7,4,0,4,11,100.000000,0.000000,0.000138,0.000096,1,1,1,2,0,,0
13,8192,102,141,8,0,8,149,100.000000,0.000000,0.000275,0.001301,1,1,1,4,0,,0
13,8192,103,2866,8,0,8,2874,100.000000,0.000000,0.000275,0.025095,1,1,1,3,0,,0
13,8192,104,1743,10,0,10,1753,100.000000,0.000000,0.000344,0.015307,1,1,1,4,0,,0
13,8192,105,0,4,0,4,4,100.000000,0.000000,0.000138,0.000035,1,1,1,2,0,,0
13,8192,106,330,22,2,24,354,91.666667,8.333333,0.000826,0.003091,1,1,1,8,1,19,2
13,8192,107,587,16,0,16,603,100.000000,0.000000,0.000551,0.005265,1,1,1,7,0,,0
13,8192,108,70,16,0,16,86,100.000000,0.000000,0.000551,0.000751,1,1,1,7,0,,0
13,8192,109,25850,24,4,28,25878,85.714286,14.285714,0.000964,0.225961,1,1,1,9,2,20,2
13,8192,110,4,6,0,6,10,100.000000,0.000000,0.000207,0.000087,1,1,1,3,0,,0
13,8192,111,64,22,8,30,94,73.333333,26.666667,0.001033,0.000821,1,1,1,6,3,24,4
13,8192,112,84,10,0,10,94,100.000000,0.000000,0.000344,0.000821,1,1,1,5,0,,0
13,8192,113,225,12,0,12,237,100.000000,0.000000,0.000413,0.002069,1,1,1,5,0,,0
13,8192,114,68,20,0,20,88,100.000000,0.000000,0.000689,0.000768,1,1,1,6,0,,0
13,8192,115,389,48,34,82,471,58.536585,41.463415,0.002823,0.004113,1,1,1,7,5,24,16
13,8192,116,272,20,0,20,292,100.000000,0.000000,0.000689,0.002550,1,1,1,6,0,,0
13,8192,117,137,14,0,14,151,100.000000,0.000000,0.000482,0.001318,1,1,1,5,0,,0
13,8192,118,108,10,0,10,118,100.000000,0.000000,0.000344,0.001030,1,1,1,5,0,,0
13,8192,119,106,12,0,12,118,100.000000,0.000000,0.000413,0.001030,1,1,1,4,0,,0
13,8192,120,26,6,0,6,32,100.000000,0.000000,0.000207,0.000279,1,1,1,3,0,,0
13,8192,121,168803,22,2,24,168827,91.666667,8.333333,0.000826,1.474159,1,1,1,7,1,15,2
13,8192,122,1,6,0,6,7,100.000000,0.000000,0.000207,0.000061,1,1,1,3,0,,0
13,8192,123,830,14,0,14,844,100.000000,0.000000,0.000482,0.007370,1,1,1,4,0,,0
13,8192,124,36,10,0,10,46,100.000000,0.000000,0.000344,0.000402,1,1,1,3,0,,0
13,8192,125,72,8,0,8,80,100.000000,0.000000,0.000275,0.000699,1,1,1,4,0,,0
13,8192,126,186,12,0,12,198,100.000000,0.000000,0.000413,0.001729,1,1,1,5,0,,0
13,8192,127,516,16,0,16,532,100.000000,0.000000,0.000551,0.004645,1,1,1,7,0,,0
13,8192,128,375,10,0,10,385,100.000000,0.000000,0.000344,0.003362,1,1,1,4,0,,0
13,8192,129,87,12,0,12,99,100.000000,0.000000,0.000413,0.000864,1,1,1,5,0,,0
13,8192,130,1477,20,0,20,1497,100.000000,0.000000,0.000689,0.013071,1,1,1,5,0,,0
13,8192,131,811,26,0,26,837,100.000000,0.000000,0.000895,0.007308,1,1,1,8,0,,0
13,8192,132,45,14,0,14,59,100.000000,0.000000,0.000482,0.000515,1,1,1,7,0,,0
13,8192,133,670,10,0,10,680,100.000000,0.000000,0.000344,0.005938,1,1,1,4,0,,0
13,8192,134,66806,36,46,82,66888,43.902439,56.097561,0.002823,0.584051,1,1,1,9,5,19,16
13,8192,135,752,40,46,86,838,46.511628,53.488372,0.002961,0.007317,1,1,1,6,3,20,40
13,8192,136,199,18,0,18,217,100.000000,0.000000,0.000620,0.001895,1,1,1,5,0,,0
13,8192,137,214,10,0,10,224,100.000000,0.000000,0.000344,0.001956,1,1,1,4,0,,0
13,8192,138,2,2,0,2,4,100.000000,0.000000,0.000069,0.000035,1,1,1,1,0,,0
13,8192,139,8740,26,6,32,8772,81.250000,18.750000,0.001102,0.076595,1,1,1,7,2,20,4
13,8192,140,124,8,0,8,132,100.000000,0.000000,0.000275,0.001153,1,1,1,3,0,,0
13,8192,141,14,6,0,6,20,100.000000,0.000000,0.000207,0.000175,1,1,1,3,0,,0
13,8192,142,626,18,0,18,644,100.000000,0.000000,0.000620,0.005623,1,1,1,6,0,,0
13,8192,143,48,14,0,14,62,100.000000,0.000000,0.000482,0.000541,1,1,1,6,0,,0
13,8192,144,94,18,0,18,112,100.000000,0.000000,0.000620,0.000978,1,1,1,7,0,,0
13,8192,145,190,14,0,14,204,100.000000,0.000000,0.000482,0.001781,1,1,1,7,0,,0
13,8192,146,1,2,0,2,3,100.000000,0.000000,0.000069,0.000026,1,1,1,1,0,,0
13,8192,147,502,16,0,16,518,100.000000,0.000000,0.000551,0.004523,1,1,1,5,0,,0
13,8192,148,372,18,0,18,390,100.000000,0.000000,0.000620,0.003405,1,1,1,7,0,,0
13,8192,149,878,20,2,22,900,90.909091,9.090909,0.000757,0.007859,1,1,1,7,1,12,2
13,8192,150,161,10,0,10,171,100.000000,0.000000,0.000344,0.001493,1,1,1,4,0,,0
13,8192,151,106,14,0,14,120,100.000000,0.000000,0.000482,0.001048,1,1,1,4,0,,0
13,8192,152,9,4,0,4,13,100.000000,0.000000,0.000138,0.000114,1,1,1,2,0,,0
13,8192,153,90,8,0,8,98,100.000000,0.000000,0.000275,0.000856,1,1,1,4,0,,0
13,8192,154,26,14,0,14,40,100.000000,0.000000,0.000482,0.000349,1,1,1,6,0,,0
13,8192,155,219,16,0,16,235,100.000000,0.000000,0.000551,0.002052,1,1,1,8,0,,0
13,8192,156,9,16,0,16,25,100.000000,0.000000,0.000551,0.000218,1,1,1,5,0,,0
13,8192,157,43,6,0,6,49,100.000000,0.000000,0.000207,0.000428,1,1,1,3,0,,0
13,8192,158,47,10,0,10,57,100.000000,0.000000,0.000344,0.000498,1,1,1,4,0,,0
13,8192,159,4850,8,0,8,4858,100.000000,0.000000,0.000275,0.042419,1,1,1,3,0,,0
13,8192,160,3683,14,0,14,3697,100.000000,0.000000,0.000482,0.032281,1,1,1,3,0,,0
13,8192,161,242,24,0,24,266,100.000000,0.000000,0.000826,0.002323,1,1,1,4,0,,0
13,8192,162,299,14,0,14,313,100.000000,0.000000,0.000482,0.002733,1,1,1,5,0,,0
13,8192,163,354,20,2,22,376,90.909091,9.090909,0.000757,0.003283,1,1,1,6,1,11,2
13,8192,164,1503,52,158,210,1713,24.761905,75.238095,0.007229,0.014958,1,1,1,7,3,20,144
13,8192,165,155,20,0,20,175,100.000000,0.000000,0.000689,0.001528,1,1,1,7,0,,0
13,8192,166,1782,68,284,352,2134,19.318182,80.681818,0.012118,0.018634,1,1,1,4,4,24,136
13,8192,167,2033,4,0,4,2037,100.000000,0.000000,0.000138,0.017787,1,1,1,2,0,,0
13,8192,168,52,18,0,18,70,100.000000,0.000000,0.000620,0.000611,1,1,1,7,0,,0
13,8192,169,2061,24,0,24,2085,100.000000,0.000000,0.000826,0.018206,1,1,1,6,0,,0
13,8192,170,1634,22,0,22,1656,100.000000,0.000000,0.000757,0.014460,1,1,1,6,0,,0
13,8192,171,8434,24,6,30,8464,80.000000,20.000000,0.001033,0.073906,1,1,1,8,2,22,4
13,8192,172,461,12,0,12,473,100.000000,0.000000,0.000413,0.004130,1,1,1,3,0,,0
13,8192,173,3947,12,0,12,3959,100.000000,0.000000,0.000413,0.034569,1,1,1,4,0,,0
13,8192,174,718,24,0,24,742,100.000000,0.000000,0.000826,0.006479,1,1,1,5,0,,0
13,8192,175,27,10,0,10,37,100.000000,0.000000,0.000344,0.000323,1,1,1,4,0,,0
13,8192,176,80,14,0,14,94,100.000000,0.000000,0.000482,0.000821,1,1,1,4,0,,0
13,8192,177,633,20,0,20,653,100.000000,0.000000,0.000689,0.005702,1,1,1,7,0,,0
13,8192,178,26,20,0,20,46,100.000000,0.000000,0.000689,0.000402,1,1,1,7,0,,0
13,8192,179,91,10,0,10,101,100.000000,0.000000,0.000344,0.000882,1,1,1,4,0,,0
13,8192,180,1,8,0,8,9,100.000000,0.000000,0.000275,0.000079,1,1,1,4,0,,0
13,8192,181,33,16,0,16,49,100.000000,0.000000,0.000551,0.000428,1,1,1,5,0,,0
13,8192,182,238,20,0,20,258,100.000000,0.000000,0.000689,0.002253,1,1,1,5,0,,0
13,8192,183,307,10,0,10,317,100.000000,0.000000,0.000344,0.002768,1,1,1,5,0,,0
13,8192,184,1779,8,0,8,1787,100.000000,0.000000,0.000275,0.015604,1,1,1,3,0,,0
13,8192,185,11384,12,0,12,11396,100.000000,0.000000,0.000413,0.099507,1,1,1,6,0,,0
13,8192,186,268,14,0,14,282,100.000000,0.000000,0.000482,0.002462,1,1,1,6,0,,0
13,8192,187,1387,34,18,52,1439,65.384615,34.615385,0.001790,0.012565,1,1,1,10,4,16,8
13,8192,188,55,8,0,8,63,100.000000,0.000000,0.000275,0.000550,1,1,1,4,0,,0
13,8192,189,53,16,0,16,69,100.000000,0.000000,0.000551,0.000602,1,1,1,4,0,,0
13,8192,190,5114,8,0,8,5122,100.000000,0.000000,0.000275,0.044724,1,1,1,4,0,,0
13,8192,191,29698,14,0,14,29712,100.000000,0.000000,0.000482,0.259438,1,1,1,5,0,,0
13,8192,192,110,14,0,14,124,100.000000,0.000000,0.000482,0.001083,1,1,1,5,0,,0
13,8192,193,307,16,0,16,323,100.000000,0.000000,0.000551,0.002820,1,1,1,2,0,,0
13,8192,194,62,8,0,8,70,100.000000,0.000000,0.000275,0.000611,1,1,1,4,0,,0
13,8192,195,23,10,0,10,33,100.000000,0.000000,0.000344,0.000288,1,1,1,4,0,,0
13,8192,196,36,18,0,18,54,100.000000,0.000000,0.000620,0.000472,1,1,1,7,0,,0
13,8192,197,93,22,2,24,117,91.666667,8.333333,0.000826,0.001022,1,1,1,8,1,15,2
13,8192,198,678,14,0,14,692,100.000000,0.000000,0.000482,0.006042,1,1,1,4,0,,0
13,8192,199,2885,12,0,12,2897,100.000000,0.000000,0.000413,0.025296,1,1,1,5,0,,0
13,8192,200,1180,20,2,22,1202,90.909091,9.090909,0.000757,0.010496,1,1,1,7,1,19,2
13,8192,201,191,16,0,16,207,100.000000,0.000000,0.000551,0.001807,1,1,1,8,0,,0
13,8192,202,28,8,0,8,36,100.000000,0.000000,0.000275,0.000314,1,1,1,3,0,,0
13,8192,203,3,4,0,4,7,100.000000,0.000000,0.000138,0.000061,1,1,1,2,0,,0
13,8192,204,46,14,0,14,60,100.000000,0.000000,0.000482,0.000524,1,1,1,4,0,,0
13,8192,205,24,18,0,18,42,100.000000,0.000000,0.000620,0.000367,1,1,1,6,0,,0
13,8192,206,46,10,0,10,56,100.000000,0.000000,0.000344,0.000489,1,1,1,5,0,,0
13,8192,207,23,12,0,12,35,100.000000,0.000000,0.000413,0.000306,1,1,1,5,0,,0
13,8192,208,1873,14,0,14,1887,100.000000,0.000000,0.000482,0.016477,1,1,1,6,0,,0
13,8192,209,93089,20,0,20,93109,100.000000,0.000000,0.000689,0.813007,1,1,1,7,0,,0
13,8192,210,21,8,0,8,29,100.000000,0.000000,0.000275,0.000253,1,1,1,4,0,,0
13,8192,211,3306,14,0,14,3320,100.000000,0.000000,0.000482,0.028989,1,1,1,6,0,,0
13,8192,212,155,14,0,14,169,100.000000,0.000000,0.000482,0.001476,1,1,1,4,0,,0
13,8192,213,6681,20,0,20,6701,100.000000,0.000000,0.000689,0.058512,1,1,1,5,0,,0
13,8192,214,25742,12,0,12,25754,100.000000,0.000000,0.000413,0.224878,1,1,1,3,0,,0
13,8192,215,1213,24,4,28,1241,85.714286,14.285714,0.000964,0.010836,1,1,1,5,2,16,2
13,8192,216,1248,22,6,28,1276,78.571429,21.428571,0.000964,0.011142,1,1,1,8,3,15,2
13,8192,217,271,22,2,24,295,91.666667,8.333333,0.000826,0.002576,1,1,1,5,1,20,2
13,8192,218,18,8,0,8,26,100.000000,0.000000,0.000275,0.000227,1,1,1,2,0,,0
13,8192,219,8610,14,0,14,8624,100.000000,0.000000,0.000482,0.075303,1,1,1,5,0,,0
13,8192,220,1621,34,18,52,1673,65.384615,34.615385,0.001790,0.014608,1,1,1,7,5,24,6
13,8192,221,26,18,0,18,44,100.000000,0.000000,0.000620,0.000384,1,1,1,7,0,,0
13,8192,222,48,10,0,10,58,100.000000,0.000000,0.000344,0.000506,1,1,1,5,0,,0
13,8192,223,126,8,0,8,134,100.000000,0.000000,0.000275,0.001170,1,1,1,4,0,,0
13,8192,224,200,12,0,12,212,100.000000,0.000000,0.000413,0.001851,1,1,1,5,0,,0
13,8192,225,271,20,0,20,291,100.000000,0.000000,0.000689,0.002541,1,1,1,7,0,,0
13,8192,226,134,18,0,18,152,100.000000,0.000000,0.000620,0.001327,1,1,1,4,0,,0
13,8192,227,41,12,0,12,53,100.000000,0.000000,0.000413,0.000463,1,1,1,5,0,,0
13,8192,228,64,16,0,16,80,100.000000,0.000000,0.000551,0.000699,1,1,1,7,0,,0
13,8192,229,123,14,0,14,137,100.000000,0.000000,0.000482,0.001196,1,1,1,6,0,,0
13,8192,230,78,14,0,14,92,100.000000,0.000000,0.000482,0.000803,1,1,1,6,0,,0
13,8192,231,16,8,0,8,24,100.000000,0.000000,0.000275,0.000210,1,1,1,3,0,,0
13,8192,232,194,20,0,20,214,100.000000,0.000000,0.000689,0.001869,1,1,1,6,0,,0
13,8192,233,39,6,0,6,45,100.000000,0.000000,0.000207,0.000393,1,1,1,1,0,,0
13,8192,234,1400,14,0,14,1414,100.000000,0.000000,0.000482,0.012347,1,1,1,6,0,,0
13,8192,235,268,12,0,12,280,100.000000,0.000000,0.000413,0.002445,1,1,1,5,0,,0
13,8192,236,933,28,2,30,963,93.333333,6.666667,0.001033,0.008409,1,1,1,7,1,12,2
13,8192,237,3,2,0,2,5,100.000000,0.000000,0.000069,0.000044,1,1,1,1,0,,0
13,8192,238,416,18,0,18,434,100.000000,0.000000,0.000620,0.003790,1,1,1,8,0,,0
13,8192,239,25588,16,0,16,25604,100.000000,0.000000,0.000551,0.223568,1,1,1,4,0,,0
13,8192,240,618,8,0,8,626,100.000000,0.000000,0.000275,0.005466,1,1,1,4,0,,0
13,8192,241,64,4,0,4,68,100.000000,0.000000,0.000138,0.000594,1,1,1,2,0,,0
13,8192,242,416,18,0,18,434,100.000000,0.000000,0.000620,0.003790,1,1,1,7,0,,0
13,8192,243,270,4,0,4,274,100.000000,0.000000,0.000138,0.002393,1,1,1,2,0,,0
13,8192,244,1803,16,0,16,1819,100.000000,0.000000,0.000551,0.015883,1,1,1,7,0,,0
13,8192,245,119,4,0,4,123,100.000000,0.000000,0.000138,0.001074,1,1,1,2,0,,0
13,8192,246,7659,14,0,14,7673,100.000000,0.000000,0.000482,0.066999,1,1,1,5,0,,0
13,8192,247,77,18,0,18,95,100.000000,0.000000,0.000620,0.000830,1,1,1,9,0,,0
13,8192,248,11168,10,0,10,11178,100.000000,0.000000,0.000344,0.097604,1,1,1,4,0,,0
13,8192,249,190,18,0,18,208,100.000000,0.000000,0.000620,0.001816,1,1,1,6,0,,0
13,8192,250,572,22,10,32,604,68.750000,31.250000,0.001102,0.005274,1,1,1,2,1,20,10
13,8192,251,1061,14,0,14,1075,100.000000,0.000000,0.000482,0.009387,1,1,1,6,0,,0
13,8192,252,60,12,0,12,72,100.000000,0.000000,0.000413,0.000629,1,1,1,4,0,,0
13,8192,253,892,6,0,6,898,100.000000,0.000000,0.000207,0.007841,1,1,1,3,0,,0
13,8192,254,29,20,0,20,49,100.000000,0.000000,0.000689,0.000428,1,1,1,7,0,,0
13,8192,255,62,14,0,14,76,100.000000,0.000000,0.000482,0.000664,1,1,1,7,0,,0
13,8192,256,3855,10,0,10,3865,100.000000,0.000000,0.000344,0.033748,1,1,1,5,0,,0
13,8192,257,125,6,0,6,131,100.000000,0.000000,0.000207,0.001144,1,1,1,3,0,,0
13,8192,258,790,12,0,12,802,100.000000,0.000000,0.000413,0.007003,1,1,1,3,0,,0
13,8192,259,405,14,0,14,419,100.000000,0.000000,0.000482,0.003659,1,1,1,6,0,,0
13,8192,260,69,4,0,4,73,100.000000,0.000000,0.000138,0.000637,1,1,1,2,0,,0
13,8192,261,1798,44,94,138,1936,31.884058,68.115942,0.004751,0.016905,1,1,1,7,7,19,44
13,8192,262,1005,8,0,8,1013,100.000000,0.000000,0.000275,0.008845,1,1,1,3,0,,0
13,8192,263,67,16,0,16,83,100.000000,0.000000,0.000551,0.000725,1,1,1,6,0,,0
13,8192,264,39,8,0,8,47,100.000000,0.000000,0.000275,0.000410,1,1,1,3,0,,0
13,8192,265,13,8,0,8,21,100.000000,0.000000,0.000275,0.000183,1,1,1,3,0,,0
13,8192,266,1172,18,0,18,1190,100.000000,0.000000,0.000620,0.010391,1,1,1,5,0,,0
13,8192,267,2979,18,0,18,2997,100.000000,0.000000,0.000620,0.026169,1,1,1,7,0,,0
13,8192,268,20,4,0,4,24,100.000000,0.000000,0.000138,0.000210,1,1,1,2,0,,0
13,8192,269,45,10,0,10,55,100.000000,0.000000,0.000344,0.000480,1,1,1,3,0,,0
13,8192,270,34,8,0,8,42,100.000000,0.000000,0.000275,0.000367,1,1,1,3,0,,0
13,8192,271,447,16,0,16,463,100.000000,0.000000,0.000551,0.004043,1,1,1,6,0,,0
13,8192,272,1506,12,0,12,1518,100.000000,0.000000,0.000413,0.013255,1,1,1,4,0,,0
13,8192,273,29,6,0,6,35,100.000000,0.000000,0.000207,0.000306,1,1,1,3,0,,0
13,8192,274,122,18,0,18,140,100.000000,0.000000,0.000620,0.001222,1,1,1,6,0,,0
13,8192,275,1203,24,20,44,1247,54.545455,45.454545,0.001515,0.010889,1,1,1,7,5,23,6
13,8192,276,110,16,0,16,126,100.000000,0.000000,0.000551,0.001100,1,1,1,7,0,,0
13,8192,277,437,2,0,2,439,100.000000,0.000000,0.000069,0.003833,1,1,1,1,0,,0
13,8192,278,421,20,0,20,441,100.000000,0.000000,0.000689,0.003851,1,1,1,9,0,,0
13,8192,279,566,26,2,28,594,92.857143,7.142857,0.000964,0.005187,1,1,1,9,1,13,2
13,8192,280,90,8,0,8,98,100.000000,0.000000,0.000275,0.000856,1,1,1,4,0,,0
13,8192,281,288,16,0,16,304,100.000000,0.000000,0.000551,0.002654,1,1,1,6,0,,0
13,8192,282,558,6,0,6,564,100.000000,0.000000,0.000207,0.004925,1,1,1,2,0,,0
13,8192,283,1178,12,0,12,1190,100.000000,0.000000,0.000413,0.010391,1,1,1,5,0,,0
13,8192,284,5733,18,2,20,5753,90.000000,10.000000,0.000689,0.050234,1,1,1,7,1,21,2
13,8192,285,47,8,0,8,55,100.000000,0.000000,0.000275,0.000480,1,1,1,4,0,,0
13,8192,286,167,16,0,16,183,100.000000,0.000000,0.000551,0.001598,1,1,1,3,0,,0
13,8192,287,29,16,0,16,45,100.000000,0.000000,0.000551,0.000393,1,1,1,7,0,,0
13,8192,288,1417,10,0,10,1427,100.000000,0.000000,0.000344,0.012460,1,1,1,3,0,,0
13,8192,289,488,10,0,10,498,100.000000,0.000000,0.000344,0.004348,1,1,1,5,0,,0
13,8192,290,5124,12,0,12,5136,100.000000,0.000000,0.000413,0.044846,1,1,1,3,0,,0
13,8192,291,15,8,0,8,23,100.000000,0.000000,0.000275,0.000201,1,1,1,4,0,,0
13,8192,292,236,18,0,18,254,100.000000,0.000000,0.000620,0.002218,1,1,1,4,0,,0
13,8192,293,8200,20,0,20,8220,100.000000,0.000000,0.000689,0.071775,1,1,1,5,0,,0
13,8192,294,23,10,0,10,33,100.000000,0.000000,0.000344,0.000288,1,1,1,3,0,,0
13,8192,295,387,16,0,16,403,100.000000,0.000000,0.000551,0.003519,1,1,1,5,0,,0
13,8192,296,43,22,2,24,67,91.666667,8.333333,0.000826,0.000585,1,1,1,3,1,24,2
13,8192,297,1795,14,0,14,1809,100.000000,0.000000,0.000482,0.015796,1,1,1,6,0,,0
13,8192,298,34,10,0,10,44,100.000000,0.000000,0.000344,0.000384,1,1,1,5,0,,0
13,8192,299,20667,24,6,30,20697,80.000000,20.000000,0.001033,0.180721,1,1,1,8,3,18,2
13,8192,300,458,20,0,20,478,100.000000,0.000000,0.000689,0.004174,1,1,1,7,0,,0
13,8192,301,363,12,0,12,375,100.000000,0.000000,0.000413,0.003274,1,1,1,4,0,,0
13,8192,302,20,12,0,12,32,100.000000,0.000000,0.000413,0.000279,1,1,1,6,0,,0
13,8192,303,25,8,0,8,33,100.000000,0.000000,0.000275,0.000288,1,1,1,4,0,,0
13,8192,304,500,26,4,30,530,86.666667,13.333333,0.001033,0.004628,1,1,1,8,2,17,2
13,8192,305,38988,44,302,346,39334,12.716763,87.283237,0.011911,0.343456,1,1,1,7,3,24,250
13,8192,306,122,16,0,16,138,100.000000,0.000000,0.000551,0.001205,1,1,1,5,0,,0
13,8192,307,85,16,0,16,101,100.000000,0.000000,0.000551,0.000882,1,1,1,7,0,,0
13,8192,308,249,8,0,8,257,100.000000,0.000000,0.000275,0.002244,1,1,1,4,0,,0
13,8192,309,6287,22,0,22,6309,100.000000,0.000000,0.000757,0.055089,1,1,1,7,0,,0
13,8192,310,33,12,0,12,45,100.000000,0.000000,0.000413,0.000393,1,1,1,4,0,,0
13,8192,311,1358,8,0,8,1366,100.000000,0.000000,0.000275,0.011928,1,1,1,4,0,,0
13,8192,312,14196,32,48,80,14276,40.000000,60.000000,0.002754,0.124655,1,1,1,8,6,19,14
13,8192,313,55950,12,0,12,55962,100.000000,0.000000,0.000413,0.488647,1,1,1,5,0,,0
13,8192,314,50,10,0,10,60,100.000000,0.000000,0.000344,0.000524,1,1,1,4,0,,0
13,8192,315,3140,12,0,12,3152,100.000000,0.000000,0.000413,0.027523,1,1,1,5,0,,0
13,8192,316,458,6,0,6,464,100.000000,0.000000,0.000207,0.004052,1,1,1,3,0,,0
13,8192,317,12400,14,0,14,12414,100.000000,0.000000,0.000482,0.108396,1,1,1,4,0,,0
13,8192,318,85,14,0,14,99,100.000000,0.000000,0.000482,0.000864,1,1,1,5,0,,0
13,8192,319,107,8,0,8,115,100.000000,0.000000,0.000275,0.001004,1,1,1,4,0,,0
13,8192,320,27,12,0,12,39,100.000000,0.000000,0.000413,0.000341,1,1,1,5,0,,0
13,8192,321,21,10,0,10,31,100.000000,0.000000,0.000344,0.000271,1,1,1,4,0,,0
13,8192,322,1669,16,0,16,1685,100.000000,0.000000,0.000551,0.014713,1,1,1,6,0,,0
13,8192,323,45,8,0,8,53,100.000000,0.000000,0.000275,0.000463,1,1,1,2,0,,0
13,8192,324,157,16,0,16,173,100.000000,0.000000,0.000551,0.001511,1,1,1,6,0,,0
13,8192,325,33768,28,10,38,33806,73.684211,26.315789,0.001308,0.295186,1,1,1,8,2,16,6
13,8192,326,77,8,0,8,85,100.000000,0.000000,0.000275,0.000742,1,1,1,2,0,,0
13,8192,327,42,16,0,16,58,100.000000,0.000000,0.000551,0.000506,1,1,1,8,0,,0
13,8192,328,2256,18,0,18,2274,100.000000,0.000000,0.000620,0.019856,1,1,1,6,0,,0
13,8192,329,13,6,0,6,19,100.000000,0.000000,0.000207,0.000166,1,1,1,2,0,,0
13,8192,330,28524,14,0,14,28538,100.000000,0.000000,0.000482,0.249187,1,1,1,7,0,,0
13,8192,331,557526,54,20312,20366,577892,0.265148,99.734852,0.701101,5.046021,1,1,1,8,8,21,6286
13,8192,332,44,6,0,6,50,100.000000,0.000000,0.000207,0.000437,1,1,1,3,0,,0
13,8192,333,63,12,0,12,75,100.000000,0.000000,0.000413,0.000655,1,1,1,5,0,,0
13,8192,334,369,22,4,26,395,84.615385,15.384615,0.000895,0.003449,1,1,1,6,2,17,2
13,8192,335,216,16,0,16,232,100.000000,0.000000,0.000551,0.002026,1,1,1,5,0,,0
13,8192,336,340,18,0,18,358,100.000000,0.000000,0.000620,0.003126,1,1,1,6,0,,0
13,8192,337,29,8,0,8,37,100.000000,0.000000,0.000275,0.000323,1,1,1,3,0,,0
13,8192,338,161,6,0,6,167,100.000000,0.000000,0.000207,0.001458,1,1,1,2,0,,0
13,8192,339,7746,12,0,12,7758,100.000000,0.000000,0.000413,0.067741,1,1,1,6,0,,0
13,8192,340,33,14,0,14,47,100.000000,0.000000,0.000482,0.000410,1,1,1,5,0,,0
13,8192,341,2910,12,0,12,2922,100.000000,0.000000,0.000413,0.025514,1,1,1,5,0,,0
13,8192,342,83,4,0,4,87,100.000000,0.000000,0.000138,0.000760,1,1,1,2,0,,0
13,8192,343,6795,10,0,10,6805,100.000000,0.000000,0.000344,0.059420,1,1,1,4,0,,0
13,8192,344,704,22,2,24,728,91.666667,8.333333,0.000826,0.006357,1,1,1,7,1,23,2
13,8192,345,31,6,0,6,37,100.000000,0.000000,0.000207,0.000323,1,1,1,3,0,,0
13,8192,346,7,8,0,8,15,100.000000,0.000000,0.000275,0.000131,1,1,1,4,0,,0
13,8192,347,74,10,0,10,84,100.000000,0.000000,0.000344,0.000733,1,1,1,5,0,,0
13,8192,348,176,10,0,10,186,100.000000,0.000000,0.000344,0.001624,1,1,1,4,0,,0
13,8192,349,774,12,0,12,786,100.000000,0.000000,0.000413,0.006863,1,1,1,5,0,,0
13,8192,350,192,16,0,16,208,100.000000,0.000000,0.000551,0.001816,1,1,1,6,0,,0
13,8192,351,305,10,0,10,315,100.000000,0.000000,0.000344,0.002751,1,1,1,3,0,,0
13,8192,352,13,6,0,6,19,100.000000,0.000000,0.000207,0.000166,1,1,1,3,0,,0
13,8192,353,63,26,2,28,91,92.857143,7.142857,0.000964,0.000795,1,1,1,5,1,22,2
13,8192,354,290,22,2,24,314,91.666667,8.333333,0.000826,0.002742,1,1,1,8,1,18,2
13,8192,355,988,16,0,16,1004,100.000000,0.000000,0.000551,0.008767,1,1,1,6,0,,0
13,8192,356,168,14,0,14,182,100.000000,0.000000,0.000482,0.001589,1,1,1,7,0,,0
13,8192,357,783,10,0,10,793,100.000000,0.000000,0.000344,0.006924,1,1,1,3,0,,0
13,8192,358,25,12,0,12,37,100.000000,0.000000,0.000413,0.000323,1,1,1,6,0,,0
13,8192,359,22157,84,312,396,22553,21.212121,78.787879,0.013632,0.196928,1,1,1,6,5,24,222
13,8192,360,18,4,0,4,22,100.000000,0.000000,0.000138,0.000192,1,1,1,2,0,,0
13,8192,361,64,8,0,8,72,100.000000,0.000000,0.000275,0.000629,1,1,1,3,0,,0
13,8192,362,45,8,0,8,53,100.000000,0.000000,0.000275,0.000463,1,1,1,4,0,,0
13,8192,363,40,8,0,8,48,100.000000,0.000000,0.000275,0.000419,1,1,1,2,0,,0
13,8192,364,62,12,0,12,74,100.000000,0.000000,0.000413,0.000646,1,1,1,5,0,,0
13,8192,365,8,6,0,6,14,100.000000,0.000000,0.000207,0.000122,1,1,1,3,0,,0
13,8192,366,154,6,0,6,160,100.000000,0.000000,0.000207,0.001397,1,1,1,3,0,,0
13,8192,367,1122,14,0,14,1136,100.000000,0.000000,0.000482,0.009919,1,1,1,5,0,,0
13,8192,368,418,40,36,76,494,52.631579,47.368421,0.002616,0.004313,1,1,1,7,5,24,20
13,8192,369,33,6,0,6,39,100.000000,0.000000,0.000207,0.000341,1,1,1,3,0,,0
13,8192,370,47,24,0,24,71,100.000000,0.000000,0.000826,0.000620,1,1,1,7,0,,0
13,8192,371,6380,26,26,52,6432,50.000000,50.000000,0.001790,0.056163,1,1,1,9,9,16,6
13,8192,372,242,16,0,16,258,100.000000,0.000000,0.000551,0.002253,1,1,1,6,0,,0
13,8192,373,449,18,0,18,467,100.000000,0.000000,0.000620,0.004078,1,1,1,6,0,,0
13,8192,374,77,6,0,6,83,100.000000,0.000000,0.000207,0.000725,1,1,1,2,0,,0
13,8192,375,12291,16,0,16,12307,100.000000,0.000000,0.000551,0.107462,1,1,1,4,0,,0
13,8192,376,62,20,0,20,82,100.000000,0.000000,0.000689,0.000716,1,1,1,7,0,,0
13,8192,377,55,18,2,20,75,90.000000,10.000000,0.000689,0.000655,1,1,1,7,1,18,2
13,8192,378,4285,14,0,14,4299,100.000000,0.000000,0.000482,0.037538,1,1,1,5,0,,0
13,8192,379,662,22,2,24,686,91.666667,8.333333,0.000826,0.005990,1,1,1,7,1,20,2
13,8192,380,434,12,0,12,446,100.000000,0.000000,0.000413,0.003894,1,1,1,4,0,,0
13,8192,381,192,6,0,6,198,100.000000,0.000000,0.000207,0.001729,1,1,1,3,0,,0
13,8192,382,160,16,0,16,176,100.000000,0.000000,0.000551,0.001537,1,1,1,5,0,,0
13,8192,383,28,8,0,8,36,100.000000,0.000000,0.000275,0.000314,1,1,1,4,0,,0
13,8192,384,2290,32,30,62,2352,51.612903,48.387097,0.002134,0.020537,1,1,1,8,4,20,18
13,8192,385,195,18,0,18,213,100.000000,0.000000,0.000620,0.001860,1,1,1,4,0,,0
13,8192,386,2,2,0,2,4,100.000000,0.000000,0.000069,0.000035,1,1,1,1,0,,0
13,8192,387,1199,14,0,14,1213,100.000000,0.000000,0.000482,0.010592,1,1,1,3,0,,0
13,8192,388,122,14,0,14,136,100.000000,0.000000,0.000482,0.001188,1,1,1,5,0,,0
13,8192,389,60,24,2,26,86,92.307692,7.692308,0.000895,0.000751,1,1,1,6,1,15,2
13,8192,390,322,16,0,16,338,100.000000,0.000000,0.000551,0.002951,1,1,1,7,0,,0
13,8192,391,1439,28,4,32,1471,87.500000,12.500000,0.001102,0.012844,1,1,1,7,1,20,4
13,8192,392,28,10,0,10,38,100.000000,0.000000,0.000344,0.000332,1,1,1,5,0,,0
13,8192,393,121,26,0,26,147,100.000000,0.000000,0.000895,0.001284,1,1,1,7,0,,0
13,8192,394,2512,30,20,50,2562,60.000000,40.000000,0.001721,0.022371,1,1,1,8,5,24,8
13,8192,395,73,8,0,8,81,100.000000,0.000000,0.000275,0.000707,1,1,1,4,0,,0
13,8192,396,6334,14,0,14,6348,100.000000,0.000000,0.000482,0.055429,1,1,1,5,0,,0
13,8192,397,101,12,0,12,113,100.000000,0.000000,0.000413,0.000987,1,1,1,5,0,,0
13,8192,398,546,16,0,16,562,100.000000,0.000000,0.000551,0.004907,1,1,1,6,0,,0
13,8192,399,8088,36,48,84,8172,42.857143,57.142857,0.002892,0.071356,1,1,1,6,5,23,18
13,8192,400,27,6,0,6,33,100.000000,0.000000,0.000207,0.000288,1,1,1,3,0,,0
13,8192,401,217,18,0,18,235,100.000000,0.000000,0.000620,0.002052,1,1,1,8,0,,0
13,8192,402,243,8,0,8,251,100.000000,0.000000,0.000275,0.002192,1,1,1,4,0,,0
13,8192,403,1854,40,76,116,1970,34.482759,65.517241,0.003993,0.017202,1,1,1,9,6,19,32
13,8192,404,68,14,0,14,82,100.000000,0.000000,0.000482,0.000716,1,1,1,7,0,,0
13,8192,405,34,8,0,8,42,100.000000,0.000000,0.000275,0.000367,1,1,1,4,0,,0
13,8192,406,161,28,18,46,207,60.869565,39.130435,0.001584,0.001807,1,1,1,9,5,17,6
13,8192,407,27011,26,0,26,27037,100.000000,0.000000,0.000895,0.236081,1,1,1,7,0,,0
13,8192,408,2710,20,0,20,2730,100.000000,0.000000,0.000689,0.023838,1,1,1,7,0,,0
13,8192,409,913,22,2,24,937,91.666667,8.333333,0.000826,0.008182,1,1,1,6,1,24,2
13,8192,410,188,18,0,18,206,100.000000,0.000000,0.000620,0.001799,1,1,1,6,0,,0
13,8192,411,476,8,0,8,484,100.000000,0.000000,0.000275,0.004226,1,1,1,3,0,,0
13,8192,412,1187,8,0,8,1195,100.000000,0.000000,0.000275,0.010434,1,1,1,4,0,,0
13,8192,413,1921,14,0,14,1935,100.000000,0.000000,0.000482,0.016896,1,1,1,5,0,,0
13,8192,414,133884,12,0,12,133896,100.000000,0.000000,0.000413,1.169149,1,1,1,5,0,,0
13,8192,415,1009,24,4,28,1037,85.714286,14.285714,0.000964,0.009055,1,1,1,6,2,20,2
13,8192,416,693,20,0,20,713,100.000000,0.000000,0.000689,0.006226,1,1,1,7,0,,0
13,8192,417,2429,10,0,10,2439,100.000000,0.000000,0.000344,0.021297,1,1,1,5,0,,0
13,8192,418,44,12,0,12,56,100.000000,0.000000,0.000413,0.000489,1,1,1,5,0,,0
13,8192,419,8,8,0,8,16,100.000000,0.000000,0.000275,0.000140,1,1,1,3,0,,0
13,8192,420,38,18,0,18,56,100.000000,0.000000,0.000620,0.000489,1,1,1,7,0,,0
13,8192,421,174,12,0,12,186,100.000000,0.000000,0.000413,0.001624,1,1,1,4,0,,0
13,8192,422,137,14,0,14,151,100.000000,0.000000,0.000482,0.001318,1,1,1,6,0,,0
13,8192,423,71678,16,0,16,71694,100.000000,0.000000,0.000551,0.626016,1,1,1,6,0,,0
13,8192,424,189,14,0,14,203,100.000000,0.000000,0.000482,0.001773,1,1,1,3,0,,0
13,8192,425,896,8,0,8,904,100.000000,0.000000,0.000275,0.007894,1,1,1,3,0,,0
13,8192,426,430,6,0,6,436,100.000000,0.000000,0.000207,0.003807,1,1,1,2,0,,0
13,8192,427,5203,30,52,82,5285,36.585366,63.414634,0.002823,0.046147,1,1,1,7,5,22,24
13,8192,428,42,8,0,8,50,100.000000,0.000000,0.000275,0.000437,1,1,1,4,0,,0
13,8192,429,369,20,0,20,389,100.000000,0.000000,0.000689,0.003397,1,1,1,6,0,,0
13,8192,430,59275,22,62,84,59359,26.190476,73.809524,0.002892,0.518309,1,1,1,8,6,16,14
13,8192,431,34366,18,4,22,34388,81.818182,18.181818,0.000757,0.300268,1,1,1,6,2,14,2
13,8192,432,259,6,0,6,265,100.000000,0.000000,0.000207,0.002314,1,1,1,3,0,,0
13,8192,433,198,14,0,14,212,100.000000,0.000000,0.000482,0.001851,1,1,1,5,0,,0
13,8192,434,26,8,0,8,34,100.000000,0.000000,0.000275,0.000297,1,1,1,3,0,,0
13,8192,435,723,24,2,26,749,92.307692,7.692308,0.000895,0.006540,1,1,1,8,1,18,2
13,8192,436,2047,14,0,14,2061,100.000000,0.000000,0.000482,0.017996,1,1,1,6,0,,0
13,8192,437,37,12,0,12,49,100.000000,0.000000,0.000413,0.000428,1,1,1,4,0,,0
13,8192,438,126,14,0,14,140,100.000000,0.000000,0.000482,0.001222,1,1,1,5,0,,0
13,8192,439,15,12,0,12,27,100.000000,0.000000,0.000413,0.000236,1,1,1,4,0,,0
13,8192,440,14,8,0,8,22,100.000000,0.000000,0.000275,0.000192,1,1,1,3,0,,0
13,8192,441,99,20,0,20,119,100.000000,0.000000,0.000689,0.001039,1,1,1,7,0,,0
13,8192,442,2722,22,6,28,2750,78.571429,21.428571,0.000964,0.024012,1,1,1,9,3,14,2
13,8192,443,49,10,0,10,59,100.000000,0.000000,0.000344,0.000515,1,1,1,4,0,,0
13,8192,444,303,16,0,16,319,100.000000,0.000000,0.000551,0.002785,1,1,1,6,0,,0
13,8192,445,768,16,0,16,784,100.000000,0.000000,0.000551,0.006846,1,1,1,4,0,,0
13,8192,446,99,10,0,10,109,100.000000,0.000000,0.000344,0.000952,1,1,1,2,0,,0
13,8192,447,353,14,0,14,367,100.000000,0.000000,0.000482,0.003205,1,1,1,6,0,,0
13,8192,448,28,8,0,8,36,100.000000,0.000000,0.000275,0.000314,1,1,1,3,0,,0
13,8192,449,665,16,0,16,681,100.000000,0.000000,0.000551,0.005946,1,1,1,7,0,,0
13,8192,450,191,22,2,24,215,91.666667,8.333333,0.000826,0.001877,1,1,1,6,1,22,2
13,8192,451,156,18,0,18,174,100.000000,0.000000,0.000620,0.001519,1,1,1,7,0,,0
13,8192,452,36,10,0,10,46,100.000000,0.000000,0.000344,0.000402,1,1,1,3,0,,0
13,8192,453,18,4,0,4,22,100.000000,0.000000,0.000138,0.000192,1,1,1,2,0,,0
13,8192,454,3955,20,4,24,3979,83.333333,16.666667,0.000826,0.034744,1,1,1,8,2,15,2
13,8192,455,737,20,2,22,759,90.909091,9.090909,0.000757,0.006627,1,1,1,6,1,20,2
13,8192,456,3,10,0,10,13,100.000000,0.000000,0.000344,0.000114,1,1,1,5,0,,0
13,8192,457,33,6,0,6,39,100.000000,0.000000,0.000207,0.000341,1,1,1,3,0,,0
13,8192,458,62,14,0,14,76,100.000000,0.000000,0.000482,0.000664,1,1,1,5,0,,0
13,8192,459,40,14,0,14,54,100.000000,0.000000,0.000482,0.000472,1,1,1,6,0,,0
13,8192,460,1008,20,0,20,1028,100.000000,0.000000,0.000689,0.008976,1,1,1,7,0,,0
13,8192,461,239,10,0,10,249,100.000000,0.000000,0.000344,0.002174,1,1,1,5,0,,0
13,8192,462,805,12,0,12,817,100.000000,0.000000,0.000413,0.007134,1,1,1,5,0,,0
13,8192,463,244,10,0,10,254,100.000000,0.000000,0.000344,0.002218,1,1,1,5,0,,0
13,8192,464,9362,10,0,10,9372,100.000000,0.000000,0.000344,0.081834,1,1,1,4,0,,0
13,8192,465,279,14,0,14,293,100.000000,0.000000,0.000482,0.002558,1,1,1,6,0,,0
13,8192,466,493,12,0,12,505,100.000000,0.000000,0.000413,0.004410,1,1,1,6,0,,0
13,8192,467,46,14,0,14,60,100.000000,0.000000,0.000482,0.000524,1,1,1,5,0,,0
13,8192,468,95,10,0,10,105,100.000000,0.000000,0.000344,0.000917,1,1,1,4,0,,0
13,8192,469,283,24,6,30,313,80.000000,20.000000,0.001033,0.002733,1,1,1,5,2,16,4
13,8192,470,74,8,0,8,82,100.000000,0.000000,0.000275,0.000716,1,1,1,3,0,,0
13,8192,471,144,10,0,10,154,100.000000,0.000000,0.000344,0.001345,1,1,1,5,0,,0
13,8192,472,116,14,0,14,130,100.000000,0.000000,0.000482,0.001135,1,1,1,5,0,,0
13,8192,473,637,12,0,12,649,100.000000,0.000000,0.000413,0.005667,1,1,1,5,0,,0
13,8192,474,16654,22,2,24,16678,91.666667,8.333333,0.000826,0.145628,1,1,1,6,1,19,2
13,8192,475,74,14,0,14,88,100.000000,0.000000,0.000482,0.000768,1,1,1,6,0,,0
13,8192,476,0,2,0,2,2,100.000000,0.000000,0.000069,0.000017,1,1,1,1,0,,0
13,8192,477,154232,12,0,12,154244,100.000000,0.000000,0.000413,1.346823,1,1,1,4,0,,0
13,8192,478,8,12,0,12,20,100.000000,0.000000,0.000413,0.000175,1,1,1,6,0,,0
13,8192,479,438,4,0,4,442,100.000000,0.000000,0.000138,0.003859,1,1,1,2,0,,0
13,8192,480,8256,14,0,14,8270,100.000000,0.000000,0.000482,0.072212,1,1,1,5,0,,0
13,8192,481,2286,6,0,6,2292,100.000000,0.000000,0.000207,0.020013,1,1,1,3,0,,0
13,8192,482,200,16,0,16,216,100.000000,0.000000,0.000551,0.001886,1,1,1,4,0,,0
13,8192,483,644,26,8,34,678,76.470588,23.529412,0.001170,0.005920,1,1,1,6,3,24,4
13,8192,484,63,14,0,14,77,100.000000,0.000000,0.000482,0.000672,1,1,1,6,0,,0
13,8192,485,639,16,0,16,655,100.000000,0.000000,0.000551,0.005719,1,1,1,5,0,,0
13,8192,486,720,16,0,16,736,100.000000,0.000000,0.000551,0.006427,1,1,1,2,0,,0
13,8192,487,94,12,0,12,106,100.000000,0.000000,0.000413,0.000926,1,1,1,5,0,,0
13,8192,488,213,16,0,16,229,100.000000,0.000000,0.000551,0.002000,1,1,1,7,0,,0
13,8192,489,99,14,0,14,113,100.000000,0.000000,0.000482,0.000987,1,1,1,5,0,,0
13,8192,490,284,18,0,18,302,100.000000,0.000000,0.000620,0.002637,1,1,1,5,0,,0
13,8192,491,181,8,0,8,189,100.000000,0.000000,0.000275,0.001650,1,1,1,2,0,,0
13,8192,492,575,14,0,14,589,100.000000,0.000000,0.000482,0.005143,1,1,1,4,0,,0
13,8192,493,333,14,0,14,347,100.000000,0.000000,0.000482,0.003030,1,1,1,4,0,,0
13,8192,494,3164,8,0,8,3172,100.000000,0.000000,0.000275,0.027697,1,1,1,4,0,,0
13,8192,495,16,14,0,14,30,100.000000,0.000000,0.000482,0.000262,1,1,1,5,0,,0
13,8192,496,366,30,4,34,400,88.235294,11.764706,0.001170,0.003493,1,1,1,8,2,19,2
13,8192,497,121,24,6,30,151,80.000000,20.000000,0.001033,0.001318,1,1,1,6,2,24,4
13,8192,498,120,8,0,8,128,100.000000,0.000000,0.000275,0.001118,1,1,1,3,0,,0
13,8192,499,218,12,0,12,230,100.000000,0.000000,0.000413,0.002008,1,1,1,5,0,,0
13,8192,500,5259,24,2,26,5285,92.307692,7.692308,0.000895,0.046147,1,1,1,10,1,14,2
13,8192,501,83,20,2,22,105,90.909091,9.090909,0.000757,0.000917,1,1,1,6,1,15,2
13,8192,502,3,2,0,2,5,100.000000,0.000000,0.000069,0.000044,1,1,1,1,0,,0
13,8192,503,140,16,0,16,156,100.000000,0.000000,0.000551,0.001362,1,1,1,4,0,,0
13,8192,504,192,10,0,10,202,100.000000,0.000000,0.000344,0.001764,1,1,1,3,0,,0
13,8192,505,960,30,6,36,996,83.333333,16.666667,0.001239,0.008697,1,1,1,9,2,17,4
13,8192,506,43,12,0,12,55,100.000000,0.000000,0.000413,0.000480,1,1,1,4,0,,0
13,8192,507,602,10,0,10,612,100.000000,0.000000,0.000344,0.005344,1,1,1,5,0,,0
13,8192,508,2062,12,0,12,2074,100.000000,0.000000,0.000413,0.018110,1,1,1,5,0,,0
13,8192,509,23,6,0,6,29,100.000000,0.000000,0.000207,0.000253,1,1,1,3,0,,0
13,8192,510,5504,20,50,70,5574,28.571429,71.428571,0.002410,0.048671,1,1,1,3,2,24,42
13,8192,511,444,12,0,12,456,100.000000,0.000000,0.000413,0.003982,1,1,1,4,0,,0
13,8192,512,6,16,0,16,22,100.000000,0.000000,0.000551,0.000192,1,1,1,7,0,,0
13,8192,513,7160,6,0,6,7166,100.000000,0.000000,0.000207,0.062572,1,1,1,2,0,,0
13,8192,514,2708,36,56,92,2800,39.130435,60.869565,0.003167,0.024449,1,1,1,8,6,17,12
13,8192,515,2043,14,0,14,2057,100.000000,0.000000,0.000482,0.017961,1,1,1,5,0,,0
13,8192,516,27,4,0,4,31,100.000000,0.000000,0.000138,0.000271,1,1,1,2,0,,0
13,8192,517,228,16,0,16,244,100.000000,0.000000,0.000551,0.002131,1,1,1,4,0,,0
13,8192,518,66,12,0,12,78,100.000000,0.000000,0.000413,0.000681,1,1,1,5,0,,0
13,8192,519,4,8,0,8,12,100.000000,0.000000,0.000275,0.000105,1,1,1,4,0,,0
13,8192,520,8,8,0,8,16,100.000000,0.000000,0.000275,0.000140,1,1,1,4,0,,0
13,8192,521,29,8,0,8,37,100.000000,0.000000,0.000275,0.000323,1,1,1,3,0,,0
13,8192,522,63,16,0,16,79,100.000000,0.000000,0.000551,0.000690,1,1,1,7,0,,0
13,8192,523,18,6,0,6,24,100.000000,0.000000,0.000207,0.000210,1,1,1,2,0,,0
13,8192,524,210,16,0,16,226,100.000000,0.000000,0.000551,0.001973,1,1,1,7,0,,0
13,8192,525,489,8,0,8,497,100.000000,0.000000,0.000275,0.004340,1,1,1,4,0,,0
13,8192,526,313,14,0,14,327,100.000000,0.000000,0.000482,0.002855,1,1,1,4,0,,0
13,8192,527,58,16,0,16,74,100.000000,0.000000,0.000551,0.000646,1,1,1,6,0,,0
13,8192,528,37,8,0,8,45,100.000000,0.000000,0.000275,0.000393,1,1,1,4,0,,0
13,8192,529,50,10,0,10,60,100.000000,0.000000,0.000344,0.000524,1,1,1,4,0,,0
13,8192,530,9575,10,0,10,9585,100.000000,0.000000,0.000344,0.083694,1,1,1,3,0,,0
13,8192,531,197,14,0,14,211,100.000000,0.000000,0.000482,0.001842,1,1,1,6,0,,0
13,8192,532,104,14,0,14,118,100.000000,0.000000,0.000482,0.001030,1,1,1,3,0,,0
13,8192,533,357787,10,0,10,357797,100.000000,0.000000,0.000344,3.124202,1,1,1,4,0,,0
13,8192,534,225731,26,2,28,225759,92.857143,7.142857,0.000964,1.971276,1,1,1,6,1,21,2
13,8192,535,137,14,0,14,151,100.000000,0.000000,0.000482,0.001318,1,1,1,6,0,,0
13,8192,536,173,8,0,8,181,100.000000,0.000000,0.000275,0.001580,1,1,1,4,0,,0
13,8192,537,89,8,0,8,97,100.000000,0.000000,0.000275,0.000847,1,1,1,2,0,,0
13,8192,538,15,8,0,8,23,100.000000,0.000000,0.000275,0.000201,1,1,1,4,0,,0
13,8192,539,67,14,0,14,81,100.000000,0.000000,0.000482,0.000707,1,1,1,6,0,,0
13,8192,540,2252,12,0,12,2264,100.000000,0.000000,0.000413,0.019769,1,1,1,4,0,,0
13,8192,541,45,6,0,6,51,100.000000,0.000000,0.000207,0.000445,1,1,1,3,0,,0
13,8192,542,53,14,0,14,67,100.000000,0.000000,0.000482,0.000585,1,1,1,6,0,,0
13,8192,543,32798,14,0,14,32812,100.000000,0.000000,0.000482,0.286507,1,1,1,4,0,,0
13,8192,544,4,2,0,2,6,100.000000,0.000000,0.000069,0.000052,1,1,1,1,0,,0
13,8192,545,134,16,0,16,150,100.000000,0.000000,0.000551,0.001310,1,1,1,7,0,,0
13,8192,546,567,8,0,8,575,100.000000,0.000000,0.000275,0.005021,1,1,1,3,0,,0
13,8192,547,154,16,0,16,170,100.000000,0.000000,0.000551,0.001484,1,1,1,5,0,,0
13,8192,548,79,16,0,16,95,100.000000,0.000000,0.000551,0.000830,1,1,1,6,0,,0
13,8192,549,387,26,16,42,429,61.904762,38.095238,0.001446,0.003746,1,1,1,5,4,19,10
13,8192,550,45,10,0,10,55,100.000000,0.000000,0.000344,0.000480,1,1,1,5,0,,0
13,8192,551,63,14,0,14,77,100.000000,0.000000,0.000482,0.000672,1,1,1,4,0,,0
13,8192,552,97,6,0,6,103,100.000000,0.000000,0.000207,0.000899,1,1,1,3,0,,0
13,8192,553,117,8,0,8,125,100.000000,0.000000,0.000275,0.001091,1,1,1,3,0,,0
13,8192,554,258316,8,0,8,258324,100.000000,0.000000,0.000275,2.255626,1,1,1,3,0,,0
13,8192,555,975,22,0,22,997,100.000000,0.000000,0.000757,0.008706,1,1,1,7,0,,0
13,8192,556,146,14,0,14,160,100.000000,0.000000,0.000482,0.001397,1,1,1,6,0,,0
13,8192,557,2124,16,0,16,2140,100.000000,0.000000,0.000551,0.018686,1,1,1,6,0,,0
13,8192,558,15,6,0,6,21,100.000000,0.000000,0.000207,0.000183,1,1,1,3,0,,0
13,8192,559,27,8,0,8,35,100.000000,0.000000,0.000275,0.000306,1,1,1,3,0,,0
13,8192,560,93,12,0,12,105,100.000000,0.000000,0.000413,0.000917,1,1,1,4,0,,0
13,8192,561,24621,12,0,12,24633,100.000000,0.000000,0.000413,0.215090,1,1,1,6,0,,0
13,8192,562,307,10,0,10,317,100.000000,0.000000,0.000344,0.002768,1,1,1,5,0,,0
13,8192,563,73,18,0,18,91,100.000000,0.000000,0.000620,0.000795,1,1,1,5,0,,0
13,8192,564,607,18,0,18,625,100.000000,0.000000,0.000620,0.005457,1,1,1,6,0,,0
13,8192,565,5829,12,0,12,5841,100.000000,0.000000,0.000413,0.051002,1,1,1,5,0,,0
13,8192,566,114,14,0,14,128,100.000000,0.000000,0.000482,0.001118,1,1,1,6,0,,0
13,8192,567,53,18,0,18,71,100.000000,0.000000,0.000620,0.000620,1,1,1,5,0,,0
13,8192,568,456,48,34,82,538,58.536585,41.463415,0.002823,0.004698,1,1,1,8,5,24,14
13,8192,569,17,14,0,14,31,100.000000,0.000000,0.000482,0.000271,1,1,1,6,0,,0
13,8192,570,175,10,0,10,185,100.000000,0.000000,0.000344,0.001615,1,1,1,4,0,,0
13,8192,571,74,8,0,8,82,100.000000,0.000000,0.000275,0.000716,1,1,1,3,0,,0
13,8192,572,16,10,0,10,26,100.000000,0.000000,0.000344,0.000227,1,1,1,3,0,,0
13,8192,573,2980,12,0,12,2992,100.000000,0.000000,0.000413,0.026125,1,1,1,4,0,,0
13,8192,574,363,14,0,14,377,100.000000,0.000000,0.000482,0.003292,1,1,1,5,0,,0
13,8192,575,15,8,0,8,23,100.000000,0.000000,0.000275,0.000201,1,1,1,4,0,,0
13,8192,576,100,18,0,18,118,100.000000,0.000000,0.000620,0.001030,1,1,1,6,0,,0
13,8192,577,569,8,0,8,577,100.000000,0.000000,0.000275,0.005038,1,1,1,4,0,,0
13,8192,578,9,10,0,10,19,100.000000,0.000000,0.000344,0.000166,1,1,1,3,0,,0
13,8192,579,40,10,0,10,50,100.000000,0.000000,0.000344,0.000437,1,1,1,4,0,,0
13,8192,580,35,6,0,6,41,100.000000,0.000000,0.000207,0.000358,1,1,1,2,0,,0
13,8192,581,32,14,0,14,46,100.000000,0.000000,0.000482,0.000402,1,1,1,5,0,,0
13,8192,582,441,14,0,14,455,100.000000,0.000000,0.000482,0.003973,1,1,1,7,0,,0
13,8192,583,17,14,0,14,31,100.000000,0.000000,0.000482,0.000271,1,1,1,4,0,,0
13,8192,584,0,0,0,0,0,0.000000,0.000000,0.000000,0.000000,1,0,0,0,0,,0
13,8192,585,437,10,0,10,447,100.000000,0.000000,0.000344,0.003903,1,1,1,5,0,,0
13,8192,586,25,8,0,8,33,100.000000,0.000000,0.000275,0.000288,1,1,1,4,0,,0
13,8192,587,63,16,0,16,79,100.000000,0.000000,0.000551,0.000690,1,1,1,7,0,,0
13,8192,588,5324,18,0,18,5342,100.000000,0.000000,0.000620,0.046645,1,1,1,7,0,,0
13,8192,589,30174,22,0,22,30196,100.000000,0.000000,0.000757,0.263665,1,1,1,9,0,,0
13,8192,590,64,16,0,16,80,100.000000,0.000000,0.000551,0.000699,1,1,1,6,0,,0
13,8192,591,4292,22,0,22,4314,100.000000,0.000000,0.000757,0.037669,1,1,1,6,0,,0
13,8192,592,9256,14,0,14,9270,100.000000,0.000000,0.000482,0.080944,1,1,1,6,0,,0
13,8192,593,3304,26,22,48,3352,54.166667,45.833333,0.001652,0.029269,1,1,1,6,3,22,16
13,8192,594,90,6,0,6,96,100.000000,0.000000,0.000207,0.000838,1,1,1,3,0,,0
13,8192,595,445,18,0,18,463,100.000000,0.000000,0.000620,0.004043,1,1,1,7,0,,0
13,8192,596,808,24,0,24,832,100.000000,0.000000,0.000826,0.007265,1,1,1,7,0,,0
13,8192,597,57,10,0,10,67,100.000000,0.000000,0.000344,0.000585,1,1,1,5,0,,0
13,8192,598,36,6,0,6,42,100.000000,0.000000,0.000207,0.000367,1,1,1,3,0,,0
13,8192,599,39,14,0,14,53,100.000000,0.000000,0.000482,0.000463,1,1,1,6,0,,0
13,8192,600,99,10,0,10,109,100.000000,0.000000,0.000344,0.000952,1,1,1,5,0,,0
13,8192,601,9,4,0,4,13,100.000000,0.000000,0.000138,0.000114,1,1,1,2,0,,0
13,8192,602,41,14,0,14,55,100.000000,0.000000,0.000482,0.000480,1,1,1,6,0,,0
13,8192,603,147,12,0,12,159,100.000000,0.000000,0.000413,0.001388,1,1,1,4,0,,0
13,8192,604,143,40,10,50,193,80.000000,20.000000,0.001721,0.001685,1,1,1,6,2,20,8
13,8192,605,14,6,0,6,20,100.000000,0.000000,0.000207,0.000175,1,1,1,3,0,,0
13,8192,606,4546,24,2,26,4572,92.307692,7.692308,0.000895,0.039922,1,1,1,7,1,24,2
13,8192,607,11,8,0,8,19,100.000000,0.000000,0.000275,0.000166,1,1,1,3,0,,0
13,8192,608,60,10,0,10,70,100.000000,0.000000,0.000344,0.000611,1,1,1,4,0,,0
13,8192,609,487,24,0,24,511,100.000000,0.000000,0.000826,0.004462,1,1,1,6,0,,0
13,8192,610,2297,28,4,32,2329,87.500000,12.500000,0.001102,0.020336,1,1,1,8,2,21,2
13,8192,611,31,6,0,6,37,100.000000,0.000000,0.000207,0.000323,1,1,1,3,0,,0
13,8192,612,236,8,0,8,244,100.000000,0.000000,0.000275,0.002131,1,1,1,3,0,,0
13,8192,613,154,12,0,12,166,100.000000,0.000000,0.000413,0.001449,1,1,1,4,0,,0
13,8192,614,136,16,0,16,152,100.000000,0.000000,0.000551,0.001327,1,1,1,4,0,,0
13,8192,615,53,10,0,10,63,100.000000,0.000000,0.000344,0.000550,1,1,1,4,0,,0
13,8192,616,328,22,4,26,354,84.615385,15.384615,0.000895,0.003091,1,1,1,5,2,18,2
13,8192,617,264,20,0,20,284,100.000000,0.000000,0.000689,0.002480,1,1,1,7,0,,0
13,8192,618,131,24,6,30,161,80.000000,20.000000,0.001033,0.001406,1,1,1,6,2,16,4
13,8192,619,102,12,0,12,114,100.000000,0.000000,0.000413,0.000995,1,1,1,5,0,,0
13,8192,620,1,4,0,4,5,100.000000,0.000000,0.000138,0.000044,1,1,1,2,0,,0
13,8192,621,138,10,0,10,148,100.000000,0.000000,0.000344,0.001292,1,1,1,4,0,,0
13,8192,622,613,22,8,30,643,73.333333,26.666667,0.001033,0.005615,1,1,1,8,4,13,2
13,8192,623,1604,6,0,6,1610,100.000000,0.000000,0.000207,0.014058,1,1,1,2,0,,0
13,8192,624,68,16,0,16,84,100.000000,0.000000,0.000551,0.000733,1,1,1,4,0,,0
13,8192,625,26,16,0,16,42,100.000000,0.000000,0.000551,0.000367,1,1,1,6,0,,0
13,8192,626,2,4,0,4,6,100.000000,0.000000,0.000138,0.000052,1,1,1,2,0,,0
13,8192,627,516,12,0,12,528,100.000000,0.000000,0.000413,0.004610,1,1,1,4,0,,0
13,8192,628,470,24,0,24,494,100.000000,0.000000,0.000826,0.004313,1,1,1,8,0,,0
13,8192,629,116,10,0,10,126,100.000000,0.000000,0.000344,0.001100,1,1,1,4,0,,0
13,8192,630,32,6,0,6,38,100.000000,0.000000,0.000207,0.000332,1,1,1,3,0,,0
13,8192,631,272,16,0,16,288,100.000000,0.000000,0.000551,0.002515,1,1,1,6,0,,0
13,8192,632,57,6,0,6,63,100.000000,0.000000,0.000207,0.000550,1,1,1,2,0,,0
13,8192,633,585,24,0,24,609,100.000000,0.000000,0.000826,0.005318,1,1,1,8,0,,0
13,8192,634,2897,6,0,6,2903,100.000000,0.000000,0.000207,0.025348,1,1,1,3,0,,0
13,8192,635,178,18,0,18,196,100.000000,0.000000,0.000620,0.001711,1,1,1,5,0,,0
13,8192,636,42,12,0,12,54,100.000000,0.000000,0.000413,0.000472,1,1,1,5,0,,0
13,8192,637,22,6,0,6,28,100.000000,0.000000,0.000207,0.000244,1,1,1,1,0,,0
13,8192,638,185,16,0,16,201,100.000000,0.000000,0.000551,0.001755,1,1,1,7,0,,0
13,8192,639,11,4,0,4,15,100.000000,0.000000,0.000138,0.000131,1,1,1,2,0,,0
13,8192,640,1814,14,0,14,1828,100.000000,0.000000,0.000482,0.015962,1,1,1,6,0,,0
13,8192,641,90,8,0,8,98,100.000000,0.000000,0.000275,0.000856,1,1,1,4,0,,0
13,8192,642,1186,20,0,20,1206,100.000000,0.000000,0.000689,0.010531,1,1,1,8,0,,0
13,8192,643,347,12,0,12,359,100.000000,0.000000,0.000413,0.003135,1,1,1,4,0,,0
13,8192,644,791,18,0,18,809,100.000000,0.000000,0.000620,0.007064,1,1,1,7,0,,0
13,8192,645,8206,14,0,14,8220,100.000000,0.000000,0.000482,0.071775,1,1,1,6,0,,0
13,8192,646,5705,6,0,6,5711,100.000000,0.000000,0.000207,0.049867,1,1,1,3,0,,0
13,8192,647,400,28,30,58,458,48.275862,51.724138,0.001997,0.003999,1,1,1,8,5,18,8
13,8192,648,80,16,0,16,96,100.000000,0.000000,0.000551,0.000838,1,1,1,5,0,,0
13,8192,649,466,16,0,16,482,100.000000,0.000000,0.000551,0.004209,1,1,1,6,0,,0
13,8192,650,1464,26,18,44,1508,59.090909,40.909091,0.001515,0.013168,1,1,1,4,2,20,16
13,8192,651,72138,24,698,722,72860,3.324100,96.675900,0.024855,0.636197,1,1,1,10,8,24,306
13,8192,652,76,16,0,16,92,100.000000,0.000000,0.000551,0.000803,1,1,1,6,0,,0
13,8192,653,1955,20,4,24,1979,83.333333,16.666667,0.000826,0.017280,1,1,1,7,2,11,2
13,8192,654,84,8,0,8,92,100.000000,0.000000,0.000275,0.000803,1,1,1,4,0,,0
13,8192,655,14,6,0,6,20,100.000000,0.000000,0.000207,0.000175,1,1,1,3,0,,0
13,8192,656,1421,10,0,10,1431,100.000000,0.000000,0.000344,0.012495,1,1,1,3,0,,0
13,8192,657,24,10,0,10,34,100.000000,0.000000,0.000344,0.000297,1,1,1,4,0,,0
13,8192,658,39,6,0,6,45,100.000000,0.000000,0.000207,0.000393,1,1,1,3,0,,0
13,8192,659,45,10,0,10,55,100.000000,0.000000,0.000344,0.000480,1,1,1,5,0,,0
13,8192,660,384,14,0,14,398,100.000000,0.000000,0.000482,0.003475,1,1,1,4,0,,0
13,8192,661,564,20,18,38,602,52.631579,47.368421,0.001308,0.005257,1,1,1,6,6,19,6
13,8192,662,124,4,0,4,128,100.000000,0.000000,0.000138,0.001118,1,1,1,2,0,,0
13,8192,663,254,6,0,6,260,100.000000,0.000000,0.000207,0.002270,1,1,1,2,0,,0
13,8192,664,2975,22,0,22,2997,100.000000,0.000000,0.000757,0.026169,1,1,1,7,0,,0
13,8192,665,24,4,0,4,28,100.000000,0.000000,0.000138,0.000244,1,1,1,2,0,,0
13,8192,666,6788,34,34,68,6856,50.000000,50.000000,0.002341,0.059865,1,1,1,8,2,20,22
13,8192,667,67,16,0,16,83,100.000000,0.000000,0.000551,0.000725,1,1,1,5,0,,0
13,8192,668,65,20,0,20,85,100.000000,0.000000,0.000689,0.000742,1,1,1,7,0,,0
13,8192,669,11,4,0,4,15,100.000000,0.000000,0.000138,0.000131,1,1,1,2,0,,0
13,8192,670,8,8,0,8,16,100.000000,0.000000,0.000275,0.000140,1,1,1,4,0,,0
13,8192,671,26,10,0,10,36,100.000000,0.000000,0.000344,0.000314,1,1,1,5,0,,0
13,8192,672,31,6,0,6,37,100.000000,0.000000,0.000207,0.000323,1,1,1,3,0,,0
13,8192,673,1334,26,12,38,1372,68.421053,31.578947,0.001308,0.011980,1,1,1,5,3,20,6
13,8192,674,1887,16,0,16,1903,100.000000,0.000000,0.000551,0.016617,1,1,1,6,0,,0
13,8192,675,885,12,0,12,897,100.000000,0.000000,0.000413,0.007832,1,1,1,6,0,,0
13,8192,676,411,20,6,26,437,76.923077,23.076923,0.000895,0.003816,1,1,1,3,1,22,6
13,8192,677,96,20,0,20,116,100.000000,0.000000,0.000689,0.001013,1,1,1,5,0,,0
13,8192,678,107,22,2,24,131,91.666667,8.333333,0.000826,0.001144,1,1,1,8,1,20,2
13,8192,679,289,18,2,20,309,90.000000,10.000000,0.000689,0.002698,1,1,1,6,1,15,2
13,8192,680,101120,12,0,12,101132,100.000000,0.000000,0.000413,0.883062,1,1,1,5,0,,0
13,8192,681,281,22,0,22,303,100.000000,0.000000,0.000757,0.002646,1,1,1,10,0,,0
13,8192,682,326,10,0,10,336,100.000000,0.000000,0.000344,0.002934,1,1,1,3,0,,0
13,8192,683,9,8,0,8,17,100.000000,0.000000,0.000275,0.000148,1,1,1,3,0,,0
13,8192,684,26,16,0,16,42,100.000000,0.000000,0.000551,0.000367,1,1,1,4,0,,0
13,8192,685,34,10,0,10,44,100.000000,0.000000,0.000344,0.000384,1,1,1,2,0,,0
13,8192,686,31,12,0,12,43,100.000000,0.000000,0.000413,0.000375,1,1,1,5,0,,0
13,8192,687,363,12,0,12,375,100.000000,0.000000,0.000413,0.003274,1,1,1,5,0,,0
13,8192,688,3249,12,0,12,3261,100.000000,0.000000,0.000413,0.028474,1,1,1,5,0,,0
13,8192,689,35,14,0,14,49,100.000000,0.000000,0.000482,0.000428,1,1,1,4,0,,0
13,8192,690,458,44,38,82,540,53.658537,46.341463,0.002823,0.004715,1,1,1,8,5,21,12
13,8192,691,93,6,0,6,99,100.000000,0.000000,0.000207,0.000864,1,1,1,1,0,,0
13,8192,692,28,4,0,4,32,100.000000,0.000000,0.000138,0.000279,1,1,1,2,0,,0
13,8192,693,19,10,0,10,29,100.000000,0.000000,0.000344,0.000253,1,1,1,4,0,,0
13,8192,694,15584,8,0,8,15592,100.000000,0.000000,0.000275,0.136146,1,1,1,2,0,,0
13,8192,695,612,28,2,30,642,93.333333,6.666667,0.001033,0.005606,1,1,1,10,1,20,2
13,8192,696,415,4,0,4,419,100.000000,0.000000,0.000138,0.003659,1,1,1,2,0,,0
13,8192,697,57,8,0,8,65,100.000000,0.000000,0.000275,0.000568,1,1,1,4,0,,0
13,8192,698,66,16,0,16,82,100.000000,0.000000,0.000551,0.000716,1,1,1,6,0,,0
13,8192,699,391,18,0,18,409,100.000000,0.000000,0.000620,0.003571,1,1,1,6,0,,0
13,8192,700,967,6,0,6,973,100.000000,0.000000,0.000207,0.008496,1,1,1,3,0,,0
13,8192,701,13,2,0,2,15,100.000000,0.000000,0.000069,0.000131,1,1,1,1,0,,0
13,8192,702,1349,14,0,14,1363,100.000000,0.000000,0.000482,0.011901,1,1,1,6,0,,0
13,8192,703,8778,20,0,20,8798,100.000000,0.000000,0.000689,0.076822,1,1,1,9,0,,0
13,8192,704,17,8,0,8,25,100.000000,0.000000,0.000275,0.000218,1,1,1,4,0,,0
13,8192,705,17,8,0,8,25,100.000000,0.000000,0.000275,0.000218,1,1,1,3,0,,0
13,8192,706,2238,16,0,16,2254,100.000000,0.000000,0.000551,0.019681,1,1,1,7,0,,0
13,8192,707,95,12,0,12,107,100.000000,0.000000,0.000413,0.000934,1,1,1,5,0,,0
13,8192,708,1,2,0,2,3,100.000000,0.000000,0.000069,0.000026,1,1,1,1,0,,0
13,8192,709,99,14,0,14,113,100.000000,0.000000,0.000482,0.000987,1,1,1,4,0,,0
13,8192,710,77,16,0,16,93,100.000000,0.000000,0.000551,0.000812,1,1,1,7,0,,0
13,8192,711,2,6,0,6,8,100.000000,0.000000,0.000207,0.000070,1,1,1,3,0,,0
13,8192,712,33,8,0,8,41,100.000000,0.000000,0.000275,0.000358,1,1,1,3,0,,0
13,8192,713,251,14,0,14,265,100.000000,0.000000,0.000482,0.002314,1,1,1,5,0,,0
13,8192,714,651,20,0,20,671,100.000000,0.000000,0.000689,0.005859,1,1,1,7,0,,0
13,8192,715,187,14,0,14,201,100.000000,0.000000,0.000482,0.001755,1,1,1,6,0,,0
13,8192,716,412,22,4,26,438,84.615385,15.384615,0.000895,0.003825,1,1,1,8,2,12,2
13,8192,717,812,18,2,20,832,90.000000,10.000000,0.000689,0.007265,1,1,1,5,1,20,2
13,8192,718,815,18,0,18,833,100.000000,0.000000,0.000620,0.007274,1,1,1,7,0,,0
13,8192,719,30,6,0,6,36,100.000000,0.000000,0.000207,0.000314,1,1,1,1,0,,0
13,8192,720,235,22,4,26,261,84.615385,15.384615,0.000895,0.002279,1,1,1,9,2,12,2
13,8192,721,5,12,0,12,17,100.000000,0.000000,0.000413,0.000148,1,1,1,5,0,,0
13,8192,722,175,10,0,10,185,100.000000,0.000000,0.000344,0.001615,1,1,1,3,0,,0
13,8192,723,1086,8,0,8,1094,100.000000,0.000000,0.000275,0.009553,1,1,1,4,0,,0
13,8192,724,77,12,0,12,89,100.000000,0.000000,0.000413,0.000777,1,1,1,3,0,,0
13,8192,725,3808,20,0,20,3828,100.000000,0.000000,0.000689,0.033425,1,1,1,7,0,,0
13,8192,726,14,12,0,12,26,100.000000,0.000000,0.000413,0.000227,1,1,1,5,0,,0
13,8192,727,23652,16,0,16,23668,100.000000,0.000000,0.000551,0.206664,1,1,1,6,0,,0
13,8192,728,210,10,0,10,220,100.000000,0.000000,0.000344,0.001921,1,1,1,4,0,,0
13,8192,729,179,14,0,14,193,100.000000,0.000000,0.000482,0.001685,1,1,1,5,0,,0
13,8192,730,91,10,0,10,101,100.000000,0.000000,0.000344,0.000882,1,1,1,5,0,,0
13,8192,731,668,16,0,16,684,100.000000,0.000000,0.000551,0.005973,1,1,1,7,0,,0
13,8192,732,966,24,0,24,990,100.000000,0.000000,0.000826,0.008644,1,1,1,8,0,,0
13,8192,733,62,8,0,8,70,100.000000,0.000000,0.000275,0.000611,1,1,1,3,0,,0
13,8192,734,43,8,0,8,51,100.000000,0.000000,0.000275,0.000445,1,1,1,4,0,,0
13,8192,735,1,2,0,2,3,100.000000,0.000000,0.000069,0.000026,1,1,1,1,0,,0
13,8192,736,336,4,0,4,340,100.000000,0.000000,0.000138,0.002969,1,1,1,1,0,,0
13,8192,737,204,28,2,30,234,93.333333,6.666667,0.001033,0.002043,1,1,1,8,1,14,2
13,8192,738,70,10,0,10,80,100.000000,0.000000,0.000344,0.000699,1,1,1,5,0,,0
13,8192,739,27,22,0,22,49,100.000000,0.000000,0.000757,0.000428,1,1,1,5,0,,0
13,8192,740,271,10,0,10,281,100.000000,0.000000,0.000344,0.002454,1,1,1,5,0,,0
13,8192,741,8,4,0,4,12,100.000000,0.000000,0.000138,0.000105,1,1,1,2,0,,0
13,8192,742,728,14,0,14,742,100.000000,0.000000,0.000482,0.006479,1,1,1,6,0,,0
13,8192,743,98,20,0,20,118,100.000000,0.000000,0.000689,0.001030,1,1,1,7,0,,0
13,8192,744,59,4,0,4,63,100.000000,0.000000,0.000138,0.000550,1,1,1,2,0,,0
13,8192,745,353,16,0,16,369,100.000000,0.000000,0.000551,0.003222,1,1,1,5,0,,0
13,8192,746,113,8,0,8,121,100.000000,0.000000,0.000275,0.001057,1,1,1,4,0,,0
13,8192,747,83,14,0,14,97,100.000000,0.000000,0.000482,0.000847,1,1,1,6,0,,0
13,8192,748,15,10,0,10,25,100.000000,0.000000,0.000344,0.000218,1,1,1,5,0,,0
13,8192,749,387,18,2,20,407,90.000000,10.000000,0.000689,0.003554,1,1,1,5,1,19,2
13,8192,750,44,6,0,6,50,100.000000,0.000000,0.000207,0.000437,1,1,1,3,0,,0
13,8192,751,628232,18,0,18,628250,100.000000,0.000000,0.000620,5.485736,1,1,1,7,0,,0
13,8192,752,396,24,2,26,422,92.307692,7.692308,0.000895,0.003685,1,1,1,6,1,24,2
13,8192,753,33,8,0,8,41,100.000000,0.000000,0.000275,0.000358,1,1,1,4,0,,0
13,8192,754,29,16,0,16,45,100.000000,0.000000,0.000551,0.000393,1,1,1,5,0,,0
13,8192,755,103,10,0,10,113,100.000000,0.000000,0.000344,0.000987,1,1,1,4,0,,0
13,8192,756,542,18,0,18,560,100.000000,0.000000,0.000620,0.004890,1,1,1,7,0,,0
13,8192,757,373,16,0,16,389,100.000000,0.000000,0.000551,0.003397,1,1,1,6,0,,0
13,8192,758,279,18,0,18,297,100.000000,0.000000,0.000620,0.002593,1,1,1,7,0,,0
13,8192,759,147,10,0,10,157,100.000000,0.000000,0.000344,0.001371,1,1,1,3,0,,0
13,8192,760,290,14,0,14,304,100.000000,0.000000,0.000482,0.002654,1,1,1,5,0,,0
13,8192,761,137,30,10,40,177,75.000000,25.000000,0.001377,0.001546,1,1,1,6,3,20,6
13,8192,762,118,18,0,18,136,100.000000,0.000000,0.000620,0.001188,1,1,1,4,0,,0
13,8192,763,70,16,0,16,86,100.000000,0.000000,0.000551,0.000751,1,1,1,4,0,,0
13,8192,764,17815,10,0,10,17825,100.000000,0.000000,0.000344,0.155644,1,1,1,4,0,,0
13,8192,765,13,6,0,6,19,100.000000,0.000000,0.000207,0.000166,1,1,1,3,0,,0
13,8192,766,71,10,0,10,81,100.000000,0.000000,0.000344,0.000707,1,1,1,4,0,,0
13,8192,767,102,18,4,22,124,81.818182,18.181818,0.000757,0.001083,1,1,1,5,2,16,2
13,8192,768,287,14,0,14,301,100.000000,0.000000,0.000482,0.002628,1,1,1,6,0,,0
13,8192,769,1204,12,0,12,1216,100.000000,0.000000,0.000413,0.010618,1,1,1,4,0,,0
13,8192,770,16,8,0,8,24,100.000000,0.000000,0.000275,0.000210,1,1,1,2,0,,0
13,8192,771,96,8,0,8,104,100.000000,0.000000,0.000275,0.000908,1,1,1,4,0,,0
13,8192,772,80,12,0,12,92,100.000000,0.000000,0.000413,0.000803,1,1,1,5,0,,0
13,8192,773,413875,16,0,16,413891,100.000000,0.000000,0.000551,3.614002,1,1,1,4,0,,0
13,8192,774,1396,6,0,6,1402,100.000000,0.000000,0.000207,0.012242,1,1,1,3,0,,0
13,8192,775,351,22,0,22,373,100.000000,0.000000,0.000757,0.003257,1,1,1,5,0,,0
13,8192,776,284,26,0,26,310,100.000000,0.000000,0.000895,0.002707,1,1,1,7,0,,0
13,8192,777,2907,20,0,20,2927,100.000000,0.000000,0.000689,0.025558,1,1,1,7,0,,0
13,8192,778,786,18,0,18,804,100.000000,0.000000,0.000620,0.007020,1,1,1,4,0,,0
13,8192,779,31,10,0,10,41,100.000000,0.000000,0.000344,0.000358,1,1,1,3,0,,0
13,8192,780,374,18,0,18,392,100.000000,0.000000,0.000620,0.003423,1,1,1,7,0,,0
13,8192,781,805,22,0,22,827,100.000000,0.000000,0.000757,0.007221,1,1,1,7,0,,0
13,8192,782,13,12,0,12,25,100.000000,0.000000,0.000413,0.000218,1,1,1,4,0,,0
13,8192,783,59,40,2,42,101,95.238095,4.761905,0.001446,0.000882,1,1,1,7,1,16,2
13,8192,784,289,6,0,6,295,100.000000,0.000000,0.000207,0.002576,1,1,1,3,0,,0
13,8192,785,50,6,0,6,56,100.000000,0.000000,0.000207,0.000489,1,1,1,3,0,,0
13,8192,786,84,20,0,20,104,100.000000,0.000000,0.000689,0.000908,1,1,1,7,0,,0
13,8192,787,34,6,0,6,40,100.000000,0.000000,0.000207,0.000349,1,1,1,2,0,,0
13,8192,788,16307,12,0,12,16319,100.000000,0.000000,0.000413,0.142494,1,1,1,5,0,,0
13,8192,789,5,4,0,4,9,100.000000,0.000000,0.000138,0.000079,1,1,1,1,0,,0
13,8192,790,42,6,0,6,48,100.000000,0.000000,0.000207,0.000419,1,1,1,3,0,,0
13,8192,791,191,12,0,12,203,100.000000,0.000000,0.000413,0.001773,1,1,1,4,0,,0
13,8192,792,246,12,0,12,258,100.000000,0.000000,0.000413,0.002253,1,1,1,5,0,,0
13,8192,793,74723,16,0,16,74739,100.000000,0.000000,0.000551,0.652604,1,1,1,5,0,,0
13,8192,794,3194,16,0,16,3210,100.000000,0.000000,0.000551,0.028029,1,1,1,6,0,,0
13,8192,795,406,8,0,8,414,100.000000,0.000000,0.000275,0.003615,1,1,1,2,0,,0
13,8192,796,463,10,0,10,473,100.000000,0.000000,0.000344,0.004130,1,1,1,5,0,,0
13,8192,797,262,6,0,6,268,100.000000,0.000000,0.000207,0.002340,1,1,1,3,0,,0
13,8192,798,76,20,0,20,96,100.000000,0.000000,0.000689,0.000838,1,1,1,6,0,,0
13,8192,799,655,10,0,10,665,100.000000,0.000000,0.000344,0.005807,1,1,1,5,0,,0
13,8192,800,62,10,0,10,72,100.000000,0.000000,0.000344,0.000629,1,1,1,3,0,,0
13,8192,801,2962,40,32,72,3034,55.555556,44.444444,0.002479,0.026492,1,1,1,6,3,21,26
13,8192,802,128,10,0,10,138,100.000000,0.000000,0.000344,0.001205,1,1,1,2,0,,0
13,8192,803,432,16,0,16,448,100.000000,0.000000,0.000551,0.003912,1,1,1,7,0,,0
13,8192,804,13,10,0,10,23,100.000000,0.000000,0.000344,0.000201,1,1,1,5,0,,0
13,8192,805,447,14,0,14,461,100.000000,0.000000,0.000482,0.004025,1,1,1,4,0,,0
13,8192,806,125,20,0,20,145,100.000000,0.000000,0.000689,0.001266,1,1,1,7,0,,0
13,8192,807,17,10,0,10,27,100.000000,0.000000,0.000344,0.000236,1,1,1,5,0,,0
13,8192,808,92,12,0,12,104,100.000000,0.000000,0.000413,0.000908,1,1,1,5,0,,0
13,8192,809,47,8,0,8,55,100.000000,0.000000,0.000275,0.000480,1,1,1,4,0,,0
13,8192,810,21699,18,0,18,21717,100.000000,0.000000,0.000620,0.189628,1,1,1,5,0,,0
13,8192,811,670,6,0,6,676,100.000000,0.000000,0.000207,0.005903,1,1,1,3,0,,0
13,8192,812,832,32,18,50,882,64.000000,36.000000,0.001721,0.007701,1,1,1,7,5,21,6
13,8192,813,0,0,0,0,0,0.000000,0.000000,0.000000,0.000000,1,0,0,0,0,,0
13,8192,814,97,14,0,14,111,100.000000,0.000000,0.000482,0.000969,1,1,1,6,0,,0
13,8192,815,9,6,0,6,15,100.000000,0.000000,0.000207,0.000131,1,1,1,3,0,,0
13,8192,816,552,6,0,6,558,100.000000,0.000000,0.000207,0.004872,1,1,1,3,0,,0
13,8192,817,3,4,0,4,7,100.000000,0.000000,0.000138,0.000061,1,1,1,2,0,,0
13,8192,818,69,8,0,8,77,100.000000,0.000000,0.000275,0.000672,1,1,1,3,0,,0
13,8192,819,49,10,0,10,59,100.000000,0.000000,0.000344,0.000515,1,1,1,2,0,,0
13,8192,820,3797,20,0,20,3817,100.000000,0.000000,0.000689,0.033329,1,1,1,5,0,,0
13,8192,821,87,14,0,14,101,100.000000,0.000000,0.000482,0.000882,1,1,1,4,0,,0
13,8192,822,39,8,0,8,47,100.000000,0.000000,0.000275,0.000410,1,1,1,3,0,,0
13,8192,823,2513,30,4,34,2547,88.235294,11.764706,0.001170,0.022240,1,1,1,10,2,23,2
13,8192,824,143,14,0,14,157,100.000000,0.000000,0.000482,0.001371,1,1,1,6,0,,0
13,8192,825,241,10,0,10,251,100.000000,0.000000,0.000344,0.002192,1,1,1,4,0,,0
13,8192,826,905,14,0,14,919,100.000000,0.000000,0.000482,0.008024,1,1,1,5,0,,0
13,8192,827,324,16,0,16,340,100.000000,0.000000,0.000551,0.002969,1,1,1,4,0,,0
13,8192,828,209,22,0,22,231,100.000000,0.000000,0.000757,0.002017,1,1,1,6,0,,0
13,8192,829,102,14,0,14,116,100.000000,0.000000,0.000482,0.001013,1,1,1,5,0,,0
13,8192,830,155,22,0,22,177,100.000000,0.000000,0.000757,0.001546,1,1,1,5,0,,0
13,8192,831,69,10,0,10,79,100.000000,0.000000,0.000344,0.000690,1,1,1,4,0,,0
13,8192,832,9812,18,0,18,9830,100.000000,0.000000,0.000620,0.085833,1,1,1,7,0,,0
13,8192,833,2598,16,0,16,2614,100.000000,0.000000,0.000551,0.022825,1,1,1,6,0,,0
13,8192,834,145,14,0,14,159,100.000000,0.000000,0.000482,0.001388,1,1,1,4,0,,0
13,8192,835,239,10,0,10,249,100.000000,0.000000,0.000344,0.002174,1,1,1,3,0,,0
13,8192,836,672,24,0,24,696,100.000000,0.000000,0.000826,0.006077,1,1,1,10,0,,0
13,8192,837,66,12,0,12,78,100.000000,0.000000,0.000413,0.000681,1,1,1,5,0,,0
13,8192,838,146,16,0,16,162,100.000000,0.000000,0.000551,0.001415,1,1,1,6,0,,0
13,8192,839,408,10,0,10,418,100.000000,0.000000,0.000344,0.003650,1,1,1,4,0,,0
13,8192,840,0,2,0,2,2,100.000000,0.000000,0.000069,0.000017,1,1,1,1,0,,0
13,8192,841,105,10,0,10,115,100.000000,0.000000,0.000344,0.001004,1,1,1,4,0,,0
13,8192,842,251,4,0,4,255,100.000000,0.000000,0.000138,0.002227,1,1,1,1,0,,0
13,8192,843,7,8,0,8,15,100.000000,0.000000,0.000275,0.000131,1,1,1,4,0,,0
13,8192,844,388660,228,1089268,1089496,1478156,0.020927,99.979073,37.505999,12.906921,1,1,1,10,8,24,777300
13,8192,845,57,12,0,12,69,100.000000,0.000000,0.000413,0.000602,1,1,1,4,0,,0
13,8192,846,160,6,0,6,166,100.000000,0.000000,0.000207,0.001449,1,1,1,2,0,,0
13,8192,847,106,14,0,14,120,100.000000,0.000000,0.000482,0.001048,1,1,1,6,0,,0
13,8192,848,227,14,0,14,241,100.000000,0.000000,0.000482,0.002104,1,1,1,5,0,,0
13,8192,849,154,12,0,12,166,100.000000,0.000000,0.000413,0.001449,1,1,1,4,0,,0
13,8192,850,81,12,0,12,93,100.000000,0.000000,0.000413,0.000812,1,1,1,5,0,,0
13,8192,851,559,10,0,10,569,100.000000,0.000000,0.000344,0.004968,1,1,1,4,0,,0
13,8192,852,785,26,2,28,813,92.857143,7.142857,0.000964,0.007099,1,1,1,8,1,24,2
13,8192,853,10,6,0,6,16,100.000000,0.000000,0.000207,0.000140,1,1,1,3,0,,0
13,8192,854,137,8,0,8,145,100.000000,0.000000,0.000275,0.001266,1,1,1,3,0,,0
13,8192,855,87,14,0,14,101,100.000000,0.000000,0.000482,0.000882,1,1,1,6,0,,0
13,8192,856,4054,8,0,8,4062,100.000000,0.000000,0.000275,0.035468,1,1,1,3,0,,0
13,8192,857,33,16,0,16,49,100.000000,0.000000,0.000551,0.000428,1,1,1,5,0,,0
13,8192,858,74,16,0,16,90,100.000000,0.000000,0.000551,0.000786,1,1,1,6,0,,0
13,8192,859,28791,18,0,18,28809,100.000000,0.000000,0.000620,0.251554,1,1,1,7,0,,0
13,8192,860,119,12,0,12,131,100.000000,0.000000,0.000413,0.001144,1,1,1,4,0,,0
13,8192,861,132,14,0,14,146,100.000000,0.000000,0.000482,0.001275,1,1,1,5,0,,0
13,8192,862,722,12,0,12,734,100.000000,0.000000,0.000413,0.006409,1,1,1,5,0,,0
13,8192,863,198,6,0,6,204,100.000000,0.000000,0.000207,0.001781,1,1,1,2,0,,0
13,8192,864,14,6,0,6,20,100.000000,0.000000,0.000207,0.000175,1,1,1,3,0,,0
13,8192,865,13,10,0,10,23,100.000000,0.000000,0.000344,0.000201,1,1,1,3,0,,0
13,8192,866,389,12,0,12,401,100.000000,0.000000,0.000413,0.003501,1,1,1,4,0,,0
13,8192,867,1151,12,0,12,1163,100.000000,0.000000,0.000413,0.010155,1,1,1,6,0,,0
13,8192,868,0,0,0,0,0,0.000000,0.000000,0.000000,0.000000,1,0,0,0,0,,0
13,8192,869,861,12,0,12,873,100.000000,0.000000,0.000413,0.007623,1,1,1,4,0,,0
13,8192,870,17,8,0,8,25,100.000000,0.000000,0.000275,0.000218,1,1,1,4,0,,0
13,8192,871,51,12,0,12,63,100.000000,0.000000,0.000413,0.000550,1,1,1,5,0,,0
13,8192,872,42,6,0,6,48,100.000000,0.000000,0.000207,0.000419,1,1,1,3,0,,0
13,8192,873,120,22,2,24,144,91.666667,8.333333,0.000826,0.001257,1,1,1,6,1,24,2
13,8192,874,371,12,0,12,383,100.000000,0.000000,0.000413,0.003344,1,1,1,4,0,,0
13,8192,875,527,12,0,12,539,100.000000,0.000000,0.000413,0.004706,1,1,1,3,0,,0
13,8192,876,58,10,0,10,68,100.000000,0.000000,0.000344,0.000594,1,1,1,4,0,,0
13,8192,877,91,8,0,8,99,100.000000,0.000000,0.000275,0.000864,1,1,1,3,0,,0
13,8192,878,18,6,0,6,24,100.000000,0.000000,0.000207,0.000210,1,1,1,2,0,,0
13,8192,879,71,14,0,14,85,100.000000,0.000000,0.000482,0.000742,1,1,1,4,0,,0
13,8192,880,362,28,8,36,398,77.777778,22.222222,0.001239,0.003475,1,1,1,8,4,14,2
13,8192,881,528,10,0,10,538,100.000000,0.000000,0.000344,0.004698,1,1,1,4,0,,0
13,8192,882,605,10,0,10,615,100.000000,0.000000,0.000344,0.005370,1,1,1,4,0,,0
13,8192,883,283,14,0,14,297,100.000000,0.000000,0.000482,0.002593,1,1,1,4,0,,0
13,8192,884,101,18,0,18,119,100.000000,0.000000,0.000620,0.001039,1,1,1,7,0,,0
13,8192,885,190,6,0,6,196,100.000000,0.000000,0.000207,0.001711,1,1,1,2,0,,0
13,8192,886,94,10,0,10,104,100.000000,0.000000,0.000344,0.000908,1,1,1,4,0,,0
13,8192,887,178,6,0,6,184,100.000000,0.000000,0.000207,0.001607,1,1,1,3,0,,0
13,8192,888,90,12,0,12,102,100.000000,0.000000,0.000413,0.000891,1,1,1,4,0,,0
13,8192,889,64,16,0,16,80,100.000000,0.000000,0.000551,0.000699,1,1,1,6,0,,0
13,8192,890,1,4,0,4,5,100.000000,0.000000,0.000138,0.000044,1,1,1,2,0,,0
13,8192,891,44,4,0,4,48,100.000000,0.000000,0.000138,0.000419,1,1,1,2,0,,0
13,8192,892,181,20,2,22,203,90.909091,9.090909,0.000757,0.001773,1,1,1,6,1,20,2
13,8192,893,934,10,0,10,944,100.000000,0.000000,0.000344,0.008243,1,1,1,4,0,,0
13,8192,894,177601,12,0,12,177613,100.000000,0.000000,0.000413,1.550876,1,1,1,4,0,,0
13,8192,895,43,16,0,16,59,100.000000,0.000000,0.000551,0.000515,1,1,1,5,0,,0
13,8192,896,1473,28,2,30,1503,93.333333,6.666667,0.001033,0.013124,1,1,1,6,1,16,2
13,8192,897,49110,14,0,14,49124,100.000000,0.000000,0.000482,0.428940,1,1,1,4,0,,0
13,8192,898,144588,26,10,36,144624,72.222222,27.777778,0.001239,1.262824,1,1,1,9,5,18,2
13,8192,899,10,6,0,6,16,100.000000,0.000000,0.000207,0.000140,1,1,1,2,0,,0
13,8192,900,11,10,0,10,21,100.000000,0.000000,0.000344,0.000183,1,1,1,4,0,,0
13,8192,901,57,8,0,8,65,100.000000,0.000000,0.000275,0.000568,1,1,1,4,0,,0
13,8192,902,144,10,0,10,154,100.000000,0.000000,0.000344,0.001345,1,1,1,4,0,,0
13,8192,903,86,14,0,14,100,100.000000,0.000000,0.000482,0.000873,1,1,1,6,0,,0
13,8192,904,68,24,2,26,94,92.307692,7.692308,0.000895,0.000821,1,1,1,6,1,16,2
13,8192,905,48,10,0,10,58,100.000000,0.000000,0.000344,0.000506,1,1,1,5,0,,0
13,8192,906,134,22,2,24,158,91.666667,8.333333,0.000826,0.001380,1,1,1,7,1,20,2
13,8192,907,19,6,0,6,25,100.000000,0.000000,0.000207,0.000218,1,1,1,2,0,,0
13,8192,908,97,6,0,6,103,100.000000,0.000000,0.000207,0.000899,1,1,1,3,0,,0
13,8192,909,51,8,0,8,59,100.000000,0.000000,0.000275,0.000515,1,1,1,4,0,,0
13,8192,910,55003,24,0,24,55027,100.000000,0.000000,0.000826,0.480483,1,1,1,8,0,,0
13,8192,911,2247,12,0,12,2259,100.000000,0.000000,0.000413,0.019725,1,1,1,6,0,,0
13,8192,912,6,6,0,6,12,100.000000,0.000000,0.000207,0.000105,1,1,1,3,0,,0
13,8192,913,581,8,0,8,589,100.000000,0.000000,0.000275,0.005143,1,1,1,3,0,,0
13,8192,914,129,20,4,24,153,83.333333,16.666667,0.000826,0.001336,1,1,1,4,1,16,4
13,8192,915,18693,16,0,16,18709,100.000000,0.000000,0.000551,0.163363,1,1,1,5,0,,0
13,8192,916,1408,12,0,12,1420,100.000000,0.000000,0.000413,0.012399,1,1,1,4,0,,0
13,8192,917,881,20,2,22,903,90.909091,9.090909,0.000757,0.007885,1,1,1,10,1,16,2
13,8192,918,50,4,0,4,54,100.000000,0.000000,0.000138,0.000472,1,1,1,2,0,,0
13,8192,919,6473,14,0,14,6487,100.000000,0.000000,0.000482,0.056643,1,1,1,6,0,,0
13,8192,920,1,2,0,2,3,100.000000,0.000000,0.000069,0.000026,1,1,1,1,0,,0
13,8192,921,40,16,0,16,56,100.000000,0.000000,0.000551,0.000489,1,1,1,3,0,,0
13,8192,922,5,4,0,4,9,100.000000,0.000000,0.000138,0.000079,1,1,1,2,0,,0
13,8192,923,6583,26,10,36,6619,72.222222,27.777778,0.001239,0.057796,1,1,1,9,3,16,4
13,8192,924,836,10,0,10,846,100.000000,0.000000,0.000344,0.007387,1,1,1,5,0,,0
13,8192,925,558,16,0,16,574,100.000000,0.000000,0.000551,0.005012,1,1,1,6,0,,0
13,8192,926,120,12,0,12,132,100.000000,0.000000,0.000413,0.001153,1,1,1,6,0,,0
13,8192,927,4388,12,0,12,4400,100.000000,0.000000,0.000413,0.038420,1,1,1,5,0,,0
13,8192,928,132,10,0,10,142,100.000000,0.000000,0.000344,0.001240,1,1,1,4,0,,0
13,8192,929,240,16,0,16,256,100.000000,0.000000,0.000551,0.002235,1,1,1,3,0,,0
13,8192,930,85062,12,0,12,85074,100.000000,0.000000,0.000413,0.742847,1,1,1,5,0,,0
13,8192,931,394,14,0,14,408,100.000000,0.000000,0.000482,0.003563,1,1,1,5,0,,0
13,8192,932,86,4,0,4,90,100.000000,0.000000,0.000138,0.000786,1,1,1,2,0,,0
13,8192,933,112075,14,0,14,112089,100.000000,0.000000,0.000482,0.978736,1,1,1,3,0,,0
13,8192,934,95,18,0,18,113,100.000000,0.000000,0.000620,0.000987,1,1,1,5,0,,0
13,8192,935,59,16,0,16,75,100.000000,0.000000,0.000551,0.000655,1,1,1,5,0,,0
13,8192,936,12,10,0,10,22,100.000000,0.000000,0.000344,0.000192,1,1,1,5,0,,0
13,8192,937,15,12,0,12,27,100.000000,0.000000,0.000413,0.000236,1,1,1,5,0,,0
13,8192,938,29,6,0,6,35,100.000000,0.000000,0.000207,0.000306,1,1,1,3,0,,0
13,8192,939,337,12,0,12,349,100.000000,0.000000,0.000413,0.003047,1,1,1,5,0,,0
13,8192,940,329,4,0,4,333,100.000000,0.000000,0.000138,0.002908,1,1,1,1,0,,0
13,8192,941,22,12,0,12,34,100.000000,0.000000,0.000413,0.000297,1,1,1,5,0,,0
13,8192,942,391,38,24,62,453,61.290323,38.709677,0.002134,0.003955,1,1,1,6,4,21,14
13,8192,943,71,6,0,6,77,100.000000,0.000000,0.000207,0.000672,1,1,1,3,0,,0
13,8192,944,189,20,0,20,209,100.000000,0.000000,0.000689,0.001825,1,1,1,9,0,,0
13,8192,945,93,8,0,8,101,100.000000,0.000000,0.000275,0.000882,1,1,1,4,0,,0
13,8192,946,3214,26,4,30,3244,86.666667,13.333333,0.001033,0.028326,1,1,1,10,2,20,2
13,8192,947,4269,20,2,22,4291,90.909091,9.090909,0.000757,0.037468,1,1,1,5,1,21,2
13,8192,948,550,18,0,18,568,100.000000,0.000000,0.000620,0.004960,1,1,1,6,0,,0
13,8192,949,84,16,0,16,100,100.000000,0.000000,0.000551,0.000873,1,1,1,6,0,,0
13,8192,950,190,20,0,20,210,100.000000,0.000000,0.000689,0.001834,1,1,1,7,0,,0
13,8192,951,1174,12,0,12,1186,100.000000,0.000000,0.000413,0.010356,1,1,1,5,0,,0
13,8192,952,67,8,0,8,75,100.000000,0.000000,0.000275,0.000655,1,1,1,4,0,,0
13,8192,953,1103,22,0,22,1125,100.000000,0.000000,0.000757,0.009823,1,1,1,8,0,,0
13,8192,954,71,10,0,10,81,100.000000,0.000000,0.000344,0.000707,1,1,1,3,0,,0
13,8192,955,61,10,0,10,71,100.000000,0.000000,0.000344,0.000620,1,1,1,4,0,,0
13,8192,956,617,4,0,4,621,100.000000,0.000000,0.000138,0.005422,1,1,1,2,0,,0
13,8192,957,62,18,0,18,80,100.000000,0.000000,0.000620,0.000699,1,1,1,4,0,,0
13,8192,958,4,2,0,2,6,100.000000,0.000000,0.000069,0.000052,1,1,1,1,0,,0
13,8192,959,59,6,0,6,65,100.000000,0.000000,0.000207,0.000568,1,1,1,3,0,,0
13,8192,960,14,4,0,4,18,100.000000,0.000000,0.000138,0.000157,1,1,1,2,0,,0
13,8192,961,259,18,0,18,277,100.000000,0.000000,0.000620,0.002419,1,1,1,5,0,,0
13,8192,962,58,14,0,14,72,100.000000,0.000000,0.000482,0.000629,1,1,1,6,0,,0
13,8192,963,81,6,0,6,87,100.000000,0.000000,0.000207,0.000760,1,1,1,3,0,,0
13,8192,964,57,8,0,8,65,100.000000,0.000000,0.000275,0.000568,1,1,1,4,0,,0
13,8192,965,1831,22,0,22,1853,100.000000,0.000000,0.000757,0.016180,1,1,1,6,0,,0
13,8192,966,551,6,0,6,557,100.000000,0.000000,0.000207,0.004864,1,1,1,3,0,,0
13,8192,967,410,6,0,6,416,100.000000,0.000000,0.000207,0.003632,1,1,1,2,0,,0
13,8192,968,7298,14,0,14,7312,100.000000,0.000000,0.000482,0.063847,1,1,1,5,0,,0
13,8192,969,15,12,0,12,27,100.000000,0.000000,0.000413,0.000236,1,1,1,5,0,,0
13,8192,970,493,22,2,24,517,91.666667,8.333333,0.000826,0.004514,1,1,1,8,1,19,2
13,8192,971,134,8,0,8,142,100.000000,0.000000,0.000275,0.001240,1,1,1,4,0,,0
13,8192,972,101,10,0,10,111,100.000000,0.000000,0.000344,0.000969,1,1,1,5,0,,0
13,8192,973,7859,12,0,12,7871,100.000000,0.000000,0.000413,0.068728,1,1,1,4,0,,0
13,8192,974,94723,10,0,10,94733,100.000000,0.000000,0.000344,0.827187,1,1,1,3,0,,0
13,8192,975,9,2,0,2,11,100.000000,0.000000,0.000069,0.000096,1,1,1,1,0,,0
13,8192,976,220,6,0,6,226,100.000000,0.000000,0.000207,0.001973,1,1,1,3,0,,0
13,8192,977,13,2,0,2,15,100.000000,0.000000,0.000069,0.000131,1,1,1,1,0,,0
13,8192,978,12,4,0,4,16,100.000000,0.000000,0.000138,0.000140,1,1,1,2,0,,0
13,8192,979,283,10,0,10,293,100.000000,0.000000,0.000344,0.002558,1,1,1,5,0,,0
13,8192,980,2410,22,4,26,2436,84.615385,15.384615,0.000895,0.021271,1,1,1,8,2,14,2
13,8192,981,1424,14,0,14,1438,100.000000,0.000000,0.000482,0.012556,1,1,1,4,0,,0
13,8192,982,538,12,0,12,550,100.000000,0.000000,0.000413,0.004802,1,1,1,4,0,,0
13,8192,983,10374,12,0,12,10386,100.000000,0.000000,0.000413,0.090688,1,1,1,4,0,,0
13,8192,984,474,8,0,8,482,100.000000,0.000000,0.000275,0.004209,1,1,1,4,0,,0
13,8192,985,421,14,0,14,435,100.000000,0.000000,0.000482,0.003798,1,1,1,5,0,,0
13,8192,986,39,12,0,12,51,100.000000,0.000000,0.000413,0.000445,1,1,1,6,0,,0
13,8192,987,114,12,0,12,126,100.000000,0.000000,0.000413,0.001100,1,1,1,5,0,,0
13,8192,988,3584,14,0,14,3598,100.000000,0.000000,0.000482,0.031417,1,1,1,5,0,,0
13,8192,989,22,8,0,8,30,100.000000,0.000000,0.000275,0.000262,1,1,1,3,0,,0
13,8192,990,183,12,0,12,195,100.000000,0.000000,0.000413,0.001703,1,1,1,6,0,,0
13,8192,991,384,12,0,12,396,100.000000,0.000000,0.000413,0.003458,1,1,1,6,0,,0
13,8192,992,75,18,0,18,93,100.000000,0.000000,0.000620,0.000812,1,1,1,8,0,,0
13,8192,993,72,10,0,10,82,100.000000,0.000000,0.000344,0.000716,1,1,1,4,0,,0
13,8192,994,45,8,0,8,53,100.000000,0.000000,0.000275,0.000463,1,1,1,4,0,,0
13,8192,995,2327,20,0,20,2347,100.000000,0.000000,0.000689,0.020493,1,1,1,7,0,,0
13,8192,996,2715,20,2,22,2737,90.909091,9.090909,0.000757,0.023899,1,1,1,7,1,22,2
13,8192,997,379,16,0,16,395,100.000000,0.000000,0.000551,0.003449,1,1,1,5,0,,0
13,8192,998,554933,18,2,20,554953,90.000000,10.000000,0.000689,4.845723,1,1,1,7,1,20,2
13,8192,999,205,4,0,4,209,100.000000,0.000000,0.000138,0.001825,1,1,1,2,0,,0
13,8192,1000,73,14,0,14,87,100.000000,0.000000,0.000482,0.000760,1,1,1,7,0,,0
13,8192,1001,539,28,4,32,571,87.500000,12.500000,0.001102,0.004986,1,1,1,9,2,13,2
13,8192,1002,100,16,0,16,116,100.000000,0.000000,0.000551,0.001013,1,1,1,7,0,,0
13,8192,1003,213,8,0,8,221,100.000000,0.000000,0.000275,0.001930,1,1,1,4,0,,0
13,8192,1004,58,12,0,12,70,100.000000,0.000000,0.000413,0.000611,1,1,1,5,0,,0
13,8192,1005,645,12,0,12,657,100.000000,0.000000,0.000413,0.005737,1,1,1,4,0,,0
13,8192,1006,35,10,0,10,45,100.000000,0.000000,0.000344,0.000393,1,1,1,4,0,,0
13,8192,1007,624,16,0,16,640,100.000000,0.000000,0.000551,0.005588,1,1,1,7,0,,0
13,8192,1008,2,2,0,2,4,100.000000,0.000000,0.000069,0.000035,1,1,1,1,0,,0
13,8192,1009,157,14,0,14,171,100.000000,0.000000,0.000482,0.001493,1,1,1,7,0,,0
13,8192,1010,8059,6,0,6,8065,100.000000,0.000000,0.000207,0.070422,1,1,1,3,0,,0
13,8192,1011,1901096,328,1776750,1777078,3678174,0.018457,99.981543,61.176071,32.116977,1,1,1,8,7,24,1104116
13,8192,1012,3,2,0,2,5,100.000000,0.000000,0.000069,0.000044,1,1,1,1,0,,0
13,8192,1013,390,16,0,16,406,100.000000,0.000000,0.000551,0.003545,1,1,1,7,0,,0
13,8192,1014,42,12,0,12,54,100.000000,0.000000,0.000413,0.000472,1,1,1,5,0,,0
13,8192,1015,30,10,0,10,40,100.000000,0.000000,0.000344,0.000349,1,1,1,4,0,,0
13,8192,1016,201,16,0,16,217,100.000000,0.000000,0.000551,0.001895,1,1,1,6,0,,0
13,8192,1017,194,14,0,14,208,100.000000,0.000000,0.000482,0.001816,1,1,1,5,0,,0
13,8192,1018,188,20,8,28,216,71.428571,28.571429,0.000964,0.001886,1,1,1,6,4,12,2
13,8192,1019,33,2,0,2,35,100.000000,0.000000,0.000069,0.000306,1,1,1,1,0,,0
13,8192,1020,41,4,0,4,45,100.000000,0.000000,0.000138,0.000393,1,1,1,2,0,,0
13,8192,1021,14,8,0,8,22,100.000000,0.000000,0.000275,0.000192,1,1,1,2,0,,0
13,8192,1022,269,8,0,8,277,100.000000,0.000000,0.000275,0.002419,1,1,1,4,0,,0
13,8192,1023,554,18,0,18,572,100.000000,0.000000,0.000620,0.004995,1,1,1,7,0,,0
